Question,Text,Model,Prompt,Model Output,Prompt Tokens,Completion Tokens,Total Cost,Total Tokens,cuss_words_count,DR_Targeting_Society_or_Religion_Count,DR_Army_Count,DR_Navy_Count,DR_Air_Force_Count,DR_National_Flag_Count,Cuss_Word_Found
Cuss words,"{'data': {'Get': {'VideoCriptTextData': [{'_additional': {'certainty': 0.9043495655059814}, 'start_time_in_seconds': 2003.189, 'text': ""That's all you're fucking capable of anyway. You know what I shouldn't have called you so harsh, harsher. Look at his eyes. Exactly what the fuck out. ओके"", 'title': 'Sample MX Video - test', 'video_download_url': 'https://dw3htsev2ue75.cloudfront.net/file_library/videos/download/3881027/1702285474_6528324746215939/1702284947898_148583977353184160_video_VOD360p30.mp4', 'video_file_url_hls': 'https://dw3htsev2ue75.cloudfront.net/file_library/videos/vod_non_drm_ios/3881027/1702285148_2421163839989886/1702284947898_148583977353184160_video_VOD.m3u8'}, {'_additional': {'certainty': 0.8986472189426422}, 'start_time_in_seconds': 329.18, 'text': 'जल्दी आप इसको क्लीन कीजिये। अरे इधर ऍम पे कॉल किया था आज रात का टाइम पे पहुँच हम मार के इधर उधर लुढक मत जाना टाइम पे पहुँच जाना।', 'title': 'Sample MX Video - test', 'video_download_url': 'https://dw3htsev2ue75.cloudfront.net/file_library/videos/download/3881027/1702285474_6528324746215939/1702284947898_148583977353184160_video_VOD360p30.mp4', 'video_file_url_hls': 'https://dw3htsev2ue75.cloudfront.net/file_library/videos/vod_non_drm_ios/3881027/1702285148_2421163839989886/1702284947898_148583977353184160_video_VOD.m3u8'}, {'_additional': {'certainty': 0.8972577452659607}, 'start_time_in_seconds': 1957.52, 'text': ""चिंटू जैसे लोग मेरी मदद करेंगे। ok, Shiv don't take this in the wrong way, ok? I'm just trying to help. I don't need help ne I'm shit. Fucking ma"", 'title': 'Sample MX Video - test', 'video_download_url': 'https://dw3htsev2ue75.cloudfront.net/file_library/videos/download/3881027/1702285474_6528324746215939/1702284947898_148583977353184160_video_VOD360p30.mp4', 'video_file_url_hls': 'https://dw3htsev2ue75.cloudfront.net/file_library/videos/vod_non_drm_ios/3881027/1702285148_2421163839989886/1702284947898_148583977353184160_video_VOD.m3u8'}, {'_additional': {'certainty': 0.8939640522003174}, 'start_time_in_seconds': 1974.13, 'text': '-- Why are you\n-- wasting your time with such an asshole? तुम जाओ यार, तुम जाओ तुम जाओ जा के शादी वादी कर लो, बच्चे अच्छे पैदा कर लो।', 'title': 'Sample MX Video - test', 'video_download_url': 'https://dw3htsev2ue75.cloudfront.net/file_library/videos/download/3881027/1702285474_6528324746215939/1702284947898_148583977353184160_video_VOD360p30.mp4', 'video_file_url_hls': 'https://dw3htsev2ue75.cloudfront.net/file_library/videos/vod_non_drm_ios/3881027/1702285148_2421163839989886/1702284947898_148583977353184160_video_VOD.m3u8'}, {'_additional': {'certainty': 0.8938347101211548}, 'start_time_in_seconds': 1362.189, 'text': 'we all feel विश्व ली बहुत ड्राॅ। इसको एक टाइटल भी दिया मौत ऍम बॉस बॉस को बोलो धंधे पे ध्यान दो क्रिएटिविटी। ॅ फॅर हाँ ऍम ऍम ऍम sounds', 'title': 'Sample MX Video - test', 'video_download_url': 'https://dw3htsev2ue75.cloudfront.net/file_library/videos/download/3881027/1702285474_6528324746215939/1702284947898_148583977353184160_video_VOD360p30.mp4', 'video_file_url_hls': 'https://dw3htsev2ue75.cloudfront.net/file_library/videos/vod_non_drm_ios/3881027/1702285148_2421163839989886/1702284947898_148583977353184160_video_VOD.m3u8'}]}}}",gpt-3.5-turbo,"[SystemMessage(content='\n            You are a content moderator, and your task is to count the exact occurrences of cuss words or derogatory remarks targeting specific sections of society or religion, or offensive content related to the Army, Navy, Air Force, or national flag in the given text. Your goal is to accurately count the instances of such content and provide the information in JSON format.\n\n                Please analyze the given text and return a JSON object with the following structure:\n\n                {\n                ""cuss_words_count"": <count_of_cuss_words>,\n                ""derogatory_remarks_targeting_society_or_religion"": <count_of_derogatory_remarks>,\n                ""derogatory_remarks_on_army"": <count_of_army_mentions>,\n                ""derogatory_remarks_on_navy"": <count_of_navy_mentions>,\n                ""derogatory_remarks_on_air_force"": <count_of_air_force_mentions>,\n                ""derogatory_remarks_on_national_flag"": <count_of_national_flag_mentions>\n                ""cuss_word_names"": [<cuss words>]\n                }'), HumanMessage(content='Given text: \'{\'data\': {\'Get\': {\'VideoCriptTextData\': [{\'_additional\': {\'certainty\': 0.9043495655059814}, \'start_time_in_seconds\': 2003.189, \'text\': ""That\'s all you\'re fucking capable of anyway. You know what I shouldn\'t have called you so harsh, harsher. Look at his eyes. Exactly what the fuck out. ओके"", \'title\': \'Sample MX Video - test\', \'video_download_url\': \'https://dw3htsev2ue75.cloudfront.net/file_library/videos/download/3881027/1702285474_6528324746215939/1702284947898_148583977353184160_video_VOD360p30.mp4\', \'video_file_url_hls\': \'https://dw3htsev2ue75.cloudfront.net/file_library/videos/vod_non_drm_ios/3881027/1702285148_2421163839989886/1702284947898_148583977353184160_video_VOD.m3u8\'}, {\'_additional\': {\'certainty\': 0.8986472189426422}, \'start_time_in_seconds\': 329.18, \'text\': \'जल्दी आप इसको क्लीन कीजिये। अरे इधर ऍम पे कॉल किया था आज रात का टाइम पे पहुँच हम मार के इधर उधर लुढक मत जाना टाइम पे पहुँच जाना।\', \'title\': \'Sample MX Video - test\', \'video_download_url\': \'https://dw3htsev2ue75.cloudfront.net/file_library/videos/download/3881027/1702285474_6528324746215939/1702284947898_148583977353184160_video_VOD360p30.mp4\', \'video_file_url_hls\': \'https://dw3htsev2ue75.cloudfront.net/file_library/videos/vod_non_drm_ios/3881027/1702285148_2421163839989886/1702284947898_148583977353184160_video_VOD.m3u8\'}, {\'_additional\': {\'certainty\': 0.8972577452659607}, \'start_time_in_seconds\': 1957.52, \'text\': ""चिंटू जैसे लोग मेरी मदद करेंगे। ok, Shiv don\'t take this in the wrong way, ok? I\'m just trying to help. I don\'t need help ne I\'m shit. Fucking ma"", \'title\': \'Sample MX Video - test\', \'video_download_url\': \'https://dw3htsev2ue75.cloudfront.net/file_library/videos/download/3881027/1702285474_6528324746215939/1702284947898_148583977353184160_video_VOD360p30.mp4\', \'video_file_url_hls\': \'https://dw3htsev2ue75.cloudfront.net/file_library/videos/vod_non_drm_ios/3881027/1702285148_2421163839989886/1702284947898_148583977353184160_video_VOD.m3u8\'}, {\'_additional\': {\'certainty\': 0.8939640522003174}, \'start_time_in_seconds\': 1974.13, \'text\': \'-- Why are you\\n-- wasting your time with such an asshole? तुम जाओ यार, तुम जाओ तुम जाओ जा के शादी वादी कर लो, बच्चे अच्छे पैदा कर लो।\', \'title\': \'Sample MX Video - test\', \'video_download_url\': \'https://dw3htsev2ue75.cloudfront.net/file_library/videos/download/3881027/1702285474_6528324746215939/1702284947898_148583977353184160_video_VOD360p30.mp4\', \'video_file_url_hls\': \'https://dw3htsev2ue75.cloudfront.net/file_library/videos/vod_non_drm_ios/3881027/1702285148_2421163839989886/1702284947898_148583977353184160_video_VOD.m3u8\'}, {\'_additional\': {\'certainty\': 0.8938347101211548}, \'start_time_in_seconds\': 1362.189, \'text\': \'we all feel विश्व ली बहुत ड्राॅ। इसको एक टाइटल भी दिया मौत ऍम बॉस बॉस को बोलो धंधे पे ध्यान दो क्रिएटिविटी। ॅ फॅर हाँ ऍम ऍम ऍम sounds\', \'title\': \'Sample MX Video - test\', \'video_download_url\': \'https://dw3htsev2ue75.cloudfront.net/file_library/videos/download/3881027/1702285474_6528324746215939/1702284947898_148583977353184160_video_VOD360p30.mp4\', \'video_file_url_hls\': \'https://dw3htsev2ue75.cloudfront.net/file_library/videos/vod_non_drm_ios/3881027/1702285148_2421163839989886/1702284947898_148583977353184160_video_VOD.m3u8\'}]}}}\'')]","{
  ""cuss_words_count"": 3,
  ""derogatory_remarks_targeting_society_or_religion"": 0,
  ""derogatory_remarks_on_army"": 0,
  ""derogatory_remarks_on_navy"": 0,
  ""derogatory_remarks_on_air_force"": 0,
  ""derogatory_remarks_on_national_flag"": 0,
  ""cuss_word_names"": [
    ""fucking"",
    ""shit"",
    ""asshole""
  ]
}",1565,112,0.0025714999999999996,1677,3,0,0,0,0,0,"['fucking', 'shit', 'asshole']"
"Derogatory remarks on the Army, Navy, Air Force, or national flag.","{'data': {'Get': {'VideoCriptTextData': [{'_additional': {'certainty': 0.9012655019760132}, 'start_time_in_seconds': 141.669, 'text': ""I want to see you guys fail miserably fall flat on your faces and have a good laugh. Well, अगर ऐसा कुछ है ही नहीं। at least we'll know that"", 'title': 'Sample MX Video - test', 'video_download_url': 'https://dw3htsev2ue75.cloudfront.net/file_library/videos/download/3881027/1702285474_6528324746215939/1702284947898_148583977353184160_video_VOD360p30.mp4', 'video_file_url_hls': 'https://dw3htsev2ue75.cloudfront.net/file_library/videos/vod_non_drm_ios/3881027/1702285148_2421163839989886/1702284947898_148583977353184160_video_VOD.m3u8'}, {'_additional': {'certainty': 0.8991401493549347}, 'start_time_in_seconds': 1964.199, 'text': 'तो मैं क्या लगता है? मुझे ऐसी छूट की मदद चाहिए। -- why\n-- are you behaving like such an asshole?', 'title': 'Sample MX Video - test', 'video_download_url': 'https://dw3htsev2ue75.cloudfront.net/file_library/videos/download/3881027/1702285474_6528324746215939/1702284947898_148583977353184160_video_VOD360p30.mp4', 'video_file_url_hls': 'https://dw3htsev2ue75.cloudfront.net/file_library/videos/vod_non_drm_ios/3881027/1702285148_2421163839989886/1702284947898_148583977353184160_video_VOD.m3u8'}, {'_additional': {'certainty': 0.8973924517631531}, 'start_time_in_seconds': 1894.53, 'text': ""What do you want me to say? Neha life moves on. Life moves. You moved on Shiv. Don't Chaka emoji Chor, you left me. I still waited for you, ok?"", 'title': 'Sample MX Video - test', 'video_download_url': 'https://dw3htsev2ue75.cloudfront.net/file_library/videos/download/3881027/1702285474_6528324746215939/1702284947898_148583977353184160_video_VOD360p30.mp4', 'video_file_url_hls': 'https://dw3htsev2ue75.cloudfront.net/file_library/videos/vod_non_drm_ios/3881027/1702285148_2421163839989886/1702284947898_148583977353184160_video_VOD.m3u8'}, {'_additional': {'certainty': 0.89727383852005}, 'start_time_in_seconds': 1974.13, 'text': '-- Why are you\n-- wasting your time with such an asshole? तुम जाओ यार, तुम जाओ तुम जाओ जा के शादी वादी कर लो, बच्चे अच्छे पैदा कर लो।', 'title': 'Sample MX Video - test', 'video_download_url': 'https://dw3htsev2ue75.cloudfront.net/file_library/videos/download/3881027/1702285474_6528324746215939/1702284947898_148583977353184160_video_VOD360p30.mp4', 'video_file_url_hls': 'https://dw3htsev2ue75.cloudfront.net/file_library/videos/vod_non_drm_ios/3881027/1702285148_2421163839989886/1702284947898_148583977353184160_video_VOD.m3u8'}, {'_additional': {'certainty': 0.8967447578907013}, 'start_time_in_seconds': 1797.7, 'text': 'नाॅक तुझे मिला होता तो फ्री में दारू पीते थे। अरे यार संजू बाइक वे चिंटू ऍम कॅश होता है। ऍम one vertical. The beard is beard. Nice. नहीं', 'title': 'Sample MX Video - test', 'video_download_url': 'https://dw3htsev2ue75.cloudfront.net/file_library/videos/download/3881027/1702285474_6528324746215939/1702284947898_148583977353184160_video_VOD360p30.mp4', 'video_file_url_hls': 'https://dw3htsev2ue75.cloudfront.net/file_library/videos/vod_non_drm_ios/3881027/1702285148_2421163839989886/1702284947898_148583977353184160_video_VOD.m3u8'}]}}}",gpt-3.5-turbo,"[SystemMessage(content='\n            You are a content moderator, and your task is to count the exact occurrences of cuss words or derogatory remarks targeting specific sections of society or religion, or offensive content related to the Army, Navy, Air Force, or national flag in the given text. Your goal is to accurately count the instances of such content and provide the information in JSON format.\n\n                Please analyze the given text and return a JSON object with the following structure:\n\n                {\n                ""cuss_words_count"": <count_of_cuss_words>,\n                ""derogatory_remarks_targeting_society_or_religion"": <count_of_derogatory_remarks>,\n                ""derogatory_remarks_on_army"": <count_of_army_mentions>,\n                ""derogatory_remarks_on_navy"": <count_of_navy_mentions>,\n                ""derogatory_remarks_on_air_force"": <count_of_air_force_mentions>,\n                ""derogatory_remarks_on_national_flag"": <count_of_national_flag_mentions>\n                ""cuss_word_names"": [<cuss words>]\n                }'), HumanMessage(content='Given text: \'{\'data\': {\'Get\': {\'VideoCriptTextData\': [{\'_additional\': {\'certainty\': 0.9012655019760132}, \'start_time_in_seconds\': 141.669, \'text\': ""I want to see you guys fail miserably fall flat on your faces and have a good laugh. Well, अगर ऐसा कुछ है ही नहीं। at least we\'ll know that"", \'title\': \'Sample MX Video - test\', \'video_download_url\': \'https://dw3htsev2ue75.cloudfront.net/file_library/videos/download/3881027/1702285474_6528324746215939/1702284947898_148583977353184160_video_VOD360p30.mp4\', \'video_file_url_hls\': \'https://dw3htsev2ue75.cloudfront.net/file_library/videos/vod_non_drm_ios/3881027/1702285148_2421163839989886/1702284947898_148583977353184160_video_VOD.m3u8\'}, {\'_additional\': {\'certainty\': 0.8991401493549347}, \'start_time_in_seconds\': 1964.199, \'text\': \'तो मैं क्या लगता है? मुझे ऐसी छूट की मदद चाहिए। -- why\\n-- are you behaving like such an asshole?\', \'title\': \'Sample MX Video - test\', \'video_download_url\': \'https://dw3htsev2ue75.cloudfront.net/file_library/videos/download/3881027/1702285474_6528324746215939/1702284947898_148583977353184160_video_VOD360p30.mp4\', \'video_file_url_hls\': \'https://dw3htsev2ue75.cloudfront.net/file_library/videos/vod_non_drm_ios/3881027/1702285148_2421163839989886/1702284947898_148583977353184160_video_VOD.m3u8\'}, {\'_additional\': {\'certainty\': 0.8973924517631531}, \'start_time_in_seconds\': 1894.53, \'text\': ""What do you want me to say? Neha life moves on. Life moves. You moved on Shiv. Don\'t Chaka emoji Chor, you left me. I still waited for you, ok?"", \'title\': \'Sample MX Video - test\', \'video_download_url\': \'https://dw3htsev2ue75.cloudfront.net/file_library/videos/download/3881027/1702285474_6528324746215939/1702284947898_148583977353184160_video_VOD360p30.mp4\', \'video_file_url_hls\': \'https://dw3htsev2ue75.cloudfront.net/file_library/videos/vod_non_drm_ios/3881027/1702285148_2421163839989886/1702284947898_148583977353184160_video_VOD.m3u8\'}, {\'_additional\': {\'certainty\': 0.89727383852005}, \'start_time_in_seconds\': 1974.13, \'text\': \'-- Why are you\\n-- wasting your time with such an asshole? तुम जाओ यार, तुम जाओ तुम जाओ जा के शादी वादी कर लो, बच्चे अच्छे पैदा कर लो।\', \'title\': \'Sample MX Video - test\', \'video_download_url\': \'https://dw3htsev2ue75.cloudfront.net/file_library/videos/download/3881027/1702285474_6528324746215939/1702284947898_148583977353184160_video_VOD360p30.mp4\', \'video_file_url_hls\': \'https://dw3htsev2ue75.cloudfront.net/file_library/videos/vod_non_drm_ios/3881027/1702285148_2421163839989886/1702284947898_148583977353184160_video_VOD.m3u8\'}, {\'_additional\': {\'certainty\': 0.8967447578907013}, \'start_time_in_seconds\': 1797.7, \'text\': \'नाॅक तुझे मिला होता तो फ्री में दारू पीते थे। अरे यार संजू बाइक वे चिंटू ऍम कॅश होता है। ऍम one vertical. The beard is beard. Nice. नहीं\', \'title\': \'Sample MX Video - test\', \'video_download_url\': \'https://dw3htsev2ue75.cloudfront.net/file_library/videos/download/3881027/1702285474_6528324746215939/1702284947898_148583977353184160_video_VOD360p30.mp4\', \'video_file_url_hls\': \'https://dw3htsev2ue75.cloudfront.net/file_library/videos/vod_non_drm_ios/3881027/1702285148_2421163839989886/1702284947898_148583977353184160_video_VOD.m3u8\'}]}}}\'')]","{
  ""cuss_words_count"": 2,
  ""derogatory_remarks_targeting_society_or_religion"": 1,
  ""derogatory_remarks_on_army"": 0,
  ""derogatory_remarks_on_navy"": 0,
  ""derogatory_remarks_on_air_force"": 0,
  ""derogatory_remarks_on_national_flag"": 0,
  ""cuss_word_names"": [""asshole"", ""Chaka""]
}",1467,103,0.0024065000000000002,1570,2,1,0,0,0,0,"['asshole', 'Chaka']"
Derogatory remarks on certain section of society or religion,"{'data': {'Get': {'VideoCriptTextData': [{'_additional': {'certainty': 0.8839050531387329}, 'start_time_in_seconds': 1964.199, 'text': 'तो मैं क्या लगता है? मुझे ऐसी छूट की मदद चाहिए। -- why\n-- are you behaving like such an asshole?', 'title': 'Sample MX Video - test', 'video_download_url': 'https://dw3htsev2ue75.cloudfront.net/file_library/videos/download/3881027/1702285474_6528324746215939/1702284947898_148583977353184160_video_VOD360p30.mp4', 'video_file_url_hls': 'https://dw3htsev2ue75.cloudfront.net/file_library/videos/vod_non_drm_ios/3881027/1702285148_2421163839989886/1702284947898_148583977353184160_video_VOD.m3u8'}, {'_additional': {'certainty': 0.882587194442749}, 'start_time_in_seconds': 141.669, 'text': ""I want to see you guys fail miserably fall flat on your faces and have a good laugh. Well, अगर ऐसा कुछ है ही नहीं। at least we'll know that"", 'title': 'Sample MX Video - test', 'video_download_url': 'https://dw3htsev2ue75.cloudfront.net/file_library/videos/download/3881027/1702285474_6528324746215939/1702284947898_148583977353184160_video_VOD360p30.mp4', 'video_file_url_hls': 'https://dw3htsev2ue75.cloudfront.net/file_library/videos/vod_non_drm_ios/3881027/1702285148_2421163839989886/1702284947898_148583977353184160_video_VOD.m3u8'}, {'_additional': {'certainty': 0.8813764452934265}, 'start_time_in_seconds': 1974.13, 'text': '-- Why are you\n-- wasting your time with such an asshole? तुम जाओ यार, तुम जाओ तुम जाओ जा के शादी वादी कर लो, बच्चे अच्छे पैदा कर लो।', 'title': 'Sample MX Video - test', 'video_download_url': 'https://dw3htsev2ue75.cloudfront.net/file_library/videos/download/3881027/1702285474_6528324746215939/1702284947898_148583977353184160_video_VOD360p30.mp4', 'video_file_url_hls': 'https://dw3htsev2ue75.cloudfront.net/file_library/videos/vod_non_drm_ios/3881027/1702285148_2421163839989886/1702284947898_148583977353184160_video_VOD.m3u8'}, {'_additional': {'certainty': 0.8801790475845337}, 'start_time_in_seconds': 1894.53, 'text': ""What do you want me to say? Neha life moves on. Life moves. You moved on Shiv. Don't Chaka emoji Chor, you left me. I still waited for you, ok?"", 'title': 'Sample MX Video - test', 'video_download_url': 'https://dw3htsev2ue75.cloudfront.net/file_library/videos/download/3881027/1702285474_6528324746215939/1702284947898_148583977353184160_video_VOD360p30.mp4', 'video_file_url_hls': 'https://dw3htsev2ue75.cloudfront.net/file_library/videos/vod_non_drm_ios/3881027/1702285148_2421163839989886/1702284947898_148583977353184160_video_VOD.m3u8'}, {'_additional': {'certainty': 0.8775960803031921}, 'start_time_in_seconds': 1957.52, 'text': ""चिंटू जैसे लोग मेरी मदद करेंगे। ok, Shiv don't take this in the wrong way, ok? I'm just trying to help. I don't need help ne I'm shit. Fucking ma"", 'title': 'Sample MX Video - test', 'video_download_url': 'https://dw3htsev2ue75.cloudfront.net/file_library/videos/download/3881027/1702285474_6528324746215939/1702284947898_148583977353184160_video_VOD360p30.mp4', 'video_file_url_hls': 'https://dw3htsev2ue75.cloudfront.net/file_library/videos/vod_non_drm_ios/3881027/1702285148_2421163839989886/1702284947898_148583977353184160_video_VOD.m3u8'}]}}}",gpt-3.5-turbo,"[SystemMessage(content='\n            You are a content moderator, and your task is to count the exact occurrences of cuss words or derogatory remarks targeting specific sections of society or religion, or offensive content related to the Army, Navy, Air Force, or national flag in the given text. Your goal is to accurately count the instances of such content and provide the information in JSON format.\n\n                Please analyze the given text and return a JSON object with the following structure:\n\n                {\n                ""cuss_words_count"": <count_of_cuss_words>,\n                ""derogatory_remarks_targeting_society_or_religion"": <count_of_derogatory_remarks>,\n                ""derogatory_remarks_on_army"": <count_of_army_mentions>,\n                ""derogatory_remarks_on_navy"": <count_of_navy_mentions>,\n                ""derogatory_remarks_on_air_force"": <count_of_air_force_mentions>,\n                ""derogatory_remarks_on_national_flag"": <count_of_national_flag_mentions>\n                ""cuss_word_names"": [<cuss words>]\n                ""derogatory_remarks_targeting_society_or_religion_text"": [< remark text/words>]\n                }'), HumanMessage(content='Given text: \'{\'data\': {\'Get\': {\'VideoCriptTextData\': [{\'_additional\': {\'certainty\': 0.8839050531387329}, \'start_time_in_seconds\': 1964.199, \'text\': \'तो मैं क्या लगता है? मुझे ऐसी छूट की मदद चाहिए। -- why\\n-- are you behaving like such an asshole?\', \'title\': \'Sample MX Video - test\', \'video_download_url\': \'https://dw3htsev2ue75.cloudfront.net/file_library/videos/download/3881027/1702285474_6528324746215939/1702284947898_148583977353184160_video_VOD360p30.mp4\', \'video_file_url_hls\': \'https://dw3htsev2ue75.cloudfront.net/file_library/videos/vod_non_drm_ios/3881027/1702285148_2421163839989886/1702284947898_148583977353184160_video_VOD.m3u8\'}, {\'_additional\': {\'certainty\': 0.882587194442749}, \'start_time_in_seconds\': 141.669, \'text\': ""I want to see you guys fail miserably fall flat on your faces and have a good laugh. Well, अगर ऐसा कुछ है ही नहीं। at least we\'ll know that"", \'title\': \'Sample MX Video - test\', \'video_download_url\': \'https://dw3htsev2ue75.cloudfront.net/file_library/videos/download/3881027/1702285474_6528324746215939/1702284947898_148583977353184160_video_VOD360p30.mp4\', \'video_file_url_hls\': \'https://dw3htsev2ue75.cloudfront.net/file_library/videos/vod_non_drm_ios/3881027/1702285148_2421163839989886/1702284947898_148583977353184160_video_VOD.m3u8\'}, {\'_additional\': {\'certainty\': 0.8813764452934265}, \'start_time_in_seconds\': 1974.13, \'text\': \'-- Why are you\\n-- wasting your time with such an asshole? तुम जाओ यार, तुम जाओ तुम जाओ जा के शादी वादी कर लो, बच्चे अच्छे पैदा कर लो।\', \'title\': \'Sample MX Video - test\', \'video_download_url\': \'https://dw3htsev2ue75.cloudfront.net/file_library/videos/download/3881027/1702285474_6528324746215939/1702284947898_148583977353184160_video_VOD360p30.mp4\', \'video_file_url_hls\': \'https://dw3htsev2ue75.cloudfront.net/file_library/videos/vod_non_drm_ios/3881027/1702285148_2421163839989886/1702284947898_148583977353184160_video_VOD.m3u8\'}, {\'_additional\': {\'certainty\': 0.8801790475845337}, \'start_time_in_seconds\': 1894.53, \'text\': ""What do you want me to say? Neha life moves on. Life moves. You moved on Shiv. Don\'t Chaka emoji Chor, you left me. I still waited for you, ok?"", \'title\': \'Sample MX Video - test\', \'video_download_url\': \'https://dw3htsev2ue75.cloudfront.net/file_library/videos/download/3881027/1702285474_6528324746215939/1702284947898_148583977353184160_video_VOD360p30.mp4\', \'video_file_url_hls\': \'https://dw3htsev2ue75.cloudfront.net/file_library/videos/vod_non_drm_ios/3881027/1702285148_2421163839989886/1702284947898_148583977353184160_video_VOD.m3u8\'}, {\'_additional\': {\'certainty\': 0.8775960803031921}, \'start_time_in_seconds\': 1957.52, \'text\': ""चिंटू जैसे लोग मेरी मदद करेंगे। ok, Shiv don\'t take this in the wrong way, ok? I\'m just trying to help. I don\'t need help ne I\'m shit. Fucking ma"", \'title\': \'Sample MX Video - test\', \'video_download_url\': \'https://dw3htsev2ue75.cloudfront.net/file_library/videos/download/3881027/1702285474_6528324746215939/1702284947898_148583977353184160_video_VOD360p30.mp4\', \'video_file_url_hls\': \'https://dw3htsev2ue75.cloudfront.net/file_library/videos/vod_non_drm_ios/3881027/1702285148_2421163839989886/1702284947898_148583977353184160_video_VOD.m3u8\'}]}}}\'')]","{
  ""cuss_words_count"": 2,
  ""derogatory_remarks_targeting_society_or_religion"": 0,
  ""derogatory_remarks_on_army"": 0,
  ""derogatory_remarks_on_navy"": 0,
  ""derogatory_remarks_on_air_force"": 0,
  ""derogatory_remarks_on_national_flag"": 0,
  ""cuss_word_names"": [""asshole"", ""shit""],
  ""derogatory_remarks_targeting_society_or_religion_text"": []
}",1452,120,0.002418,1572,2,0,0,0,0,0,"['asshole', 'shit']"
"Derogatory remarks on the Army, Navy, Air Force, or national flag.","{'data': {'Get': {'VideoCriptTextData': [{'_additional': {'certainty': 0.9012655019760132}, 'start_time_in_seconds': 141.669, 'text': ""I want to see you guys fail miserably fall flat on your faces and have a good laugh. Well, अगर ऐसा कुछ है ही नहीं। at least we'll know that"", 'title': 'Sample MX Video - test', 'video_download_url': 'https://dw3htsev2ue75.cloudfront.net/file_library/videos/download/3881027/1702285474_6528324746215939/1702284947898_148583977353184160_video_VOD360p30.mp4', 'video_file_url_hls': 'https://dw3htsev2ue75.cloudfront.net/file_library/videos/vod_non_drm_ios/3881027/1702285148_2421163839989886/1702284947898_148583977353184160_video_VOD.m3u8'}, {'_additional': {'certainty': 0.8991401493549347}, 'start_time_in_seconds': 1964.199, 'text': 'तो मैं क्या लगता है? मुझे ऐसी छूट की मदद चाहिए। -- why\n-- are you behaving like such an asshole?', 'title': 'Sample MX Video - test', 'video_download_url': 'https://dw3htsev2ue75.cloudfront.net/file_library/videos/download/3881027/1702285474_6528324746215939/1702284947898_148583977353184160_video_VOD360p30.mp4', 'video_file_url_hls': 'https://dw3htsev2ue75.cloudfront.net/file_library/videos/vod_non_drm_ios/3881027/1702285148_2421163839989886/1702284947898_148583977353184160_video_VOD.m3u8'}, {'_additional': {'certainty': 0.8973924517631531}, 'start_time_in_seconds': 1894.53, 'text': ""What do you want me to say? Neha life moves on. Life moves. You moved on Shiv. Don't Chaka emoji Chor, you left me. I still waited for you, ok?"", 'title': 'Sample MX Video - test', 'video_download_url': 'https://dw3htsev2ue75.cloudfront.net/file_library/videos/download/3881027/1702285474_6528324746215939/1702284947898_148583977353184160_video_VOD360p30.mp4', 'video_file_url_hls': 'https://dw3htsev2ue75.cloudfront.net/file_library/videos/vod_non_drm_ios/3881027/1702285148_2421163839989886/1702284947898_148583977353184160_video_VOD.m3u8'}, {'_additional': {'certainty': 0.89727383852005}, 'start_time_in_seconds': 1974.13, 'text': '-- Why are you\n-- wasting your time with such an asshole? तुम जाओ यार, तुम जाओ तुम जाओ जा के शादी वादी कर लो, बच्चे अच्छे पैदा कर लो।', 'title': 'Sample MX Video - test', 'video_download_url': 'https://dw3htsev2ue75.cloudfront.net/file_library/videos/download/3881027/1702285474_6528324746215939/1702284947898_148583977353184160_video_VOD360p30.mp4', 'video_file_url_hls': 'https://dw3htsev2ue75.cloudfront.net/file_library/videos/vod_non_drm_ios/3881027/1702285148_2421163839989886/1702284947898_148583977353184160_video_VOD.m3u8'}, {'_additional': {'certainty': 0.8967447578907013}, 'start_time_in_seconds': 1797.7, 'text': 'नाॅक तुझे मिला होता तो फ्री में दारू पीते थे। अरे यार संजू बाइक वे चिंटू ऍम कॅश होता है। ऍम one vertical. The beard is beard. Nice. नहीं', 'title': 'Sample MX Video - test', 'video_download_url': 'https://dw3htsev2ue75.cloudfront.net/file_library/videos/download/3881027/1702285474_6528324746215939/1702284947898_148583977353184160_video_VOD360p30.mp4', 'video_file_url_hls': 'https://dw3htsev2ue75.cloudfront.net/file_library/videos/vod_non_drm_ios/3881027/1702285148_2421163839989886/1702284947898_148583977353184160_video_VOD.m3u8'}]}}}",gpt-3.5-turbo,"[SystemMessage(content='\n            You are a content moderator, and your task is to count the exact occurrences of cuss words or derogatory remarks targeting specific sections of society or religion, or offensive content related to the Army, Navy, Air Force, or national flag in the given text. Your goal is to accurately count the instances of such content and provide the information in JSON format.\n\n                Please analyze the given text and return a JSON object with the following structure:\n\n                {\n                ""cuss_words_count"": <count_of_cuss_words>,\n                ""derogatory_remarks_targeting_society_or_religion"": <count_of_derogatory_remarks>,\n                ""derogatory_remarks_on_army"": <count_of_army_mentions>,\n                ""derogatory_remarks_on_navy"": <count_of_navy_mentions>,\n                ""derogatory_remarks_on_air_force"": <count_of_air_force_mentions>,\n                ""derogatory_remarks_on_national_flag"": <count_of_national_flag_mentions>\n                ""cuss_word_names"": [<cuss words>]\n                ""derogatory_remarks_targeting_society_or_religion_text"": [< remark text/words>]\n                }'), HumanMessage(content='Given text: \'{\'data\': {\'Get\': {\'VideoCriptTextData\': [{\'_additional\': {\'certainty\': 0.9012655019760132}, \'start_time_in_seconds\': 141.669, \'text\': ""I want to see you guys fail miserably fall flat on your faces and have a good laugh. Well, अगर ऐसा कुछ है ही नहीं। at least we\'ll know that"", \'title\': \'Sample MX Video - test\', \'video_download_url\': \'https://dw3htsev2ue75.cloudfront.net/file_library/videos/download/3881027/1702285474_6528324746215939/1702284947898_148583977353184160_video_VOD360p30.mp4\', \'video_file_url_hls\': \'https://dw3htsev2ue75.cloudfront.net/file_library/videos/vod_non_drm_ios/3881027/1702285148_2421163839989886/1702284947898_148583977353184160_video_VOD.m3u8\'}, {\'_additional\': {\'certainty\': 0.8991401493549347}, \'start_time_in_seconds\': 1964.199, \'text\': \'तो मैं क्या लगता है? मुझे ऐसी छूट की मदद चाहिए। -- why\\n-- are you behaving like such an asshole?\', \'title\': \'Sample MX Video - test\', \'video_download_url\': \'https://dw3htsev2ue75.cloudfront.net/file_library/videos/download/3881027/1702285474_6528324746215939/1702284947898_148583977353184160_video_VOD360p30.mp4\', \'video_file_url_hls\': \'https://dw3htsev2ue75.cloudfront.net/file_library/videos/vod_non_drm_ios/3881027/1702285148_2421163839989886/1702284947898_148583977353184160_video_VOD.m3u8\'}, {\'_additional\': {\'certainty\': 0.8973924517631531}, \'start_time_in_seconds\': 1894.53, \'text\': ""What do you want me to say? Neha life moves on. Life moves. You moved on Shiv. Don\'t Chaka emoji Chor, you left me. I still waited for you, ok?"", \'title\': \'Sample MX Video - test\', \'video_download_url\': \'https://dw3htsev2ue75.cloudfront.net/file_library/videos/download/3881027/1702285474_6528324746215939/1702284947898_148583977353184160_video_VOD360p30.mp4\', \'video_file_url_hls\': \'https://dw3htsev2ue75.cloudfront.net/file_library/videos/vod_non_drm_ios/3881027/1702285148_2421163839989886/1702284947898_148583977353184160_video_VOD.m3u8\'}, {\'_additional\': {\'certainty\': 0.89727383852005}, \'start_time_in_seconds\': 1974.13, \'text\': \'-- Why are you\\n-- wasting your time with such an asshole? तुम जाओ यार, तुम जाओ तुम जाओ जा के शादी वादी कर लो, बच्चे अच्छे पैदा कर लो।\', \'title\': \'Sample MX Video - test\', \'video_download_url\': \'https://dw3htsev2ue75.cloudfront.net/file_library/videos/download/3881027/1702285474_6528324746215939/1702284947898_148583977353184160_video_VOD360p30.mp4\', \'video_file_url_hls\': \'https://dw3htsev2ue75.cloudfront.net/file_library/videos/vod_non_drm_ios/3881027/1702285148_2421163839989886/1702284947898_148583977353184160_video_VOD.m3u8\'}, {\'_additional\': {\'certainty\': 0.8967447578907013}, \'start_time_in_seconds\': 1797.7, \'text\': \'नाॅक तुझे मिला होता तो फ्री में दारू पीते थे। अरे यार संजू बाइक वे चिंटू ऍम कॅश होता है। ऍम one vertical. The beard is beard. Nice. नहीं\', \'title\': \'Sample MX Video - test\', \'video_download_url\': \'https://dw3htsev2ue75.cloudfront.net/file_library/videos/download/3881027/1702285474_6528324746215939/1702284947898_148583977353184160_video_VOD360p30.mp4\', \'video_file_url_hls\': \'https://dw3htsev2ue75.cloudfront.net/file_library/videos/vod_non_drm_ios/3881027/1702285148_2421163839989886/1702284947898_148583977353184160_video_VOD.m3u8\'}]}}}\'')]","{
  ""cuss_words_count"": 2,
  ""derogatory_remarks_targeting_society_or_religion"": 2,
  ""derogatory_remarks_on_army"": 0,
  ""derogatory_remarks_on_navy"": 0,
  ""derogatory_remarks_on_air_force"": 0,
  ""derogatory_remarks_on_national_flag"": 0,
  ""cuss_word_names"": [""asshole"", ""Chaka emoji Chor""],
  ""derogatory_remarks_targeting_society_or_religion_text"": [""अगर ऐसा कुछ है ही नहीं।"", ""तो मैं क्या लगता है? मुझे ऐसी छूट की मदद चाहिए।""]
}",1491,202,0.0026405,1693,2,2,0,0,0,0,"['asshole', 'Chaka emoji Chor']"
Cuss words,"{'data': {'Get': {'VideoCriptTextData': [{'_additional': {'certainty': 0.9043495655059814}, 'start_time_in_seconds': 2003.189, 'text': ""That's all you're fucking capable of anyway. You know what I shouldn't have called you so harsh, harsher. Look at his eyes. Exactly what the fuck out. ओके"", 'title': 'Sample MX Video - test', 'video_download_url': 'https://dw3htsev2ue75.cloudfront.net/file_library/videos/download/3881027/1702285474_6528324746215939/1702284947898_148583977353184160_video_VOD360p30.mp4', 'video_file_url_hls': 'https://dw3htsev2ue75.cloudfront.net/file_library/videos/vod_non_drm_ios/3881027/1702285148_2421163839989886/1702284947898_148583977353184160_video_VOD.m3u8'}, {'_additional': {'certainty': 0.8986472189426422}, 'start_time_in_seconds': 329.18, 'text': 'जल्दी आप इसको क्लीन कीजिये। अरे इधर ऍम पे कॉल किया था आज रात का टाइम पे पहुँच हम मार के इधर उधर लुढक मत जाना टाइम पे पहुँच जाना।', 'title': 'Sample MX Video - test', 'video_download_url': 'https://dw3htsev2ue75.cloudfront.net/file_library/videos/download/3881027/1702285474_6528324746215939/1702284947898_148583977353184160_video_VOD360p30.mp4', 'video_file_url_hls': 'https://dw3htsev2ue75.cloudfront.net/file_library/videos/vod_non_drm_ios/3881027/1702285148_2421163839989886/1702284947898_148583977353184160_video_VOD.m3u8'}, {'_additional': {'certainty': 0.8972577452659607}, 'start_time_in_seconds': 1957.52, 'text': ""चिंटू जैसे लोग मेरी मदद करेंगे। ok, Shiv don't take this in the wrong way, ok? I'm just trying to help. I don't need help ne I'm shit. Fucking ma"", 'title': 'Sample MX Video - test', 'video_download_url': 'https://dw3htsev2ue75.cloudfront.net/file_library/videos/download/3881027/1702285474_6528324746215939/1702284947898_148583977353184160_video_VOD360p30.mp4', 'video_file_url_hls': 'https://dw3htsev2ue75.cloudfront.net/file_library/videos/vod_non_drm_ios/3881027/1702285148_2421163839989886/1702284947898_148583977353184160_video_VOD.m3u8'}, {'_additional': {'certainty': 0.8939640522003174}, 'start_time_in_seconds': 1974.13, 'text': '-- Why are you\n-- wasting your time with such an asshole? तुम जाओ यार, तुम जाओ तुम जाओ जा के शादी वादी कर लो, बच्चे अच्छे पैदा कर लो।', 'title': 'Sample MX Video - test', 'video_download_url': 'https://dw3htsev2ue75.cloudfront.net/file_library/videos/download/3881027/1702285474_6528324746215939/1702284947898_148583977353184160_video_VOD360p30.mp4', 'video_file_url_hls': 'https://dw3htsev2ue75.cloudfront.net/file_library/videos/vod_non_drm_ios/3881027/1702285148_2421163839989886/1702284947898_148583977353184160_video_VOD.m3u8'}, {'_additional': {'certainty': 0.8938347101211548}, 'start_time_in_seconds': 1362.189, 'text': 'we all feel विश्व ली बहुत ड्राॅ। इसको एक टाइटल भी दिया मौत ऍम बॉस बॉस को बोलो धंधे पे ध्यान दो क्रिएटिविटी। ॅ फॅर हाँ ऍम ऍम ऍम sounds', 'title': 'Sample MX Video - test', 'video_download_url': 'https://dw3htsev2ue75.cloudfront.net/file_library/videos/download/3881027/1702285474_6528324746215939/1702284947898_148583977353184160_video_VOD360p30.mp4', 'video_file_url_hls': 'https://dw3htsev2ue75.cloudfront.net/file_library/videos/vod_non_drm_ios/3881027/1702285148_2421163839989886/1702284947898_148583977353184160_video_VOD.m3u8'}]}}}",gpt-3.5-turbo,"[SystemMessage(content='\n            You are a content moderator, and your task is to count the exact occurrences of cuss words or derogatory remarks targeting specific sections of society or religion, or offensive content related to the Army, Navy, Air Force, or national flag in the given text. Your goal is to accurately count the instances of such content and provide the information in JSON format.\n\n                Please analyze the given text and return a JSON object with the following structure:\n\n                {\n                ""cuss_words_count"": <count_of_cuss_words>,\n                ""derogatory_remarks_targeting_society_or_religion"": <count_of_derogatory_remarks>,\n                ""derogatory_remarks_on_army"": <count_of_army_mentions>,\n                ""derogatory_remarks_on_navy"": <count_of_navy_mentions>,\n                ""derogatory_remarks_on_air_force"": <count_of_air_force_mentions>,\n                ""derogatory_remarks_on_national_flag"": <count_of_national_flag_mentions>\n                ""cuss_word_names"": [<cuss words>]\n                }'), HumanMessage(content='Given text: \'{\'data\': {\'Get\': {\'VideoCriptTextData\': [{\'_additional\': {\'certainty\': 0.9043495655059814}, \'start_time_in_seconds\': 2003.189, \'text\': ""That\'s all you\'re fucking capable of anyway. You know what I shouldn\'t have called you so harsh, harsher. Look at his eyes. Exactly what the fuck out. ओके"", \'title\': \'Sample MX Video - test\', \'video_download_url\': \'https://dw3htsev2ue75.cloudfront.net/file_library/videos/download/3881027/1702285474_6528324746215939/1702284947898_148583977353184160_video_VOD360p30.mp4\', \'video_file_url_hls\': \'https://dw3htsev2ue75.cloudfront.net/file_library/videos/vod_non_drm_ios/3881027/1702285148_2421163839989886/1702284947898_148583977353184160_video_VOD.m3u8\'}, {\'_additional\': {\'certainty\': 0.8986472189426422}, \'start_time_in_seconds\': 329.18, \'text\': \'जल्दी आप इसको क्लीन कीजिये। अरे इधर ऍम पे कॉल किया था आज रात का टाइम पे पहुँच हम मार के इधर उधर लुढक मत जाना टाइम पे पहुँच जाना।\', \'title\': \'Sample MX Video - test\', \'video_download_url\': \'https://dw3htsev2ue75.cloudfront.net/file_library/videos/download/3881027/1702285474_6528324746215939/1702284947898_148583977353184160_video_VOD360p30.mp4\', \'video_file_url_hls\': \'https://dw3htsev2ue75.cloudfront.net/file_library/videos/vod_non_drm_ios/3881027/1702285148_2421163839989886/1702284947898_148583977353184160_video_VOD.m3u8\'}, {\'_additional\': {\'certainty\': 0.8972577452659607}, \'start_time_in_seconds\': 1957.52, \'text\': ""चिंटू जैसे लोग मेरी मदद करेंगे। ok, Shiv don\'t take this in the wrong way, ok? I\'m just trying to help. I don\'t need help ne I\'m shit. Fucking ma"", \'title\': \'Sample MX Video - test\', \'video_download_url\': \'https://dw3htsev2ue75.cloudfront.net/file_library/videos/download/3881027/1702285474_6528324746215939/1702284947898_148583977353184160_video_VOD360p30.mp4\', \'video_file_url_hls\': \'https://dw3htsev2ue75.cloudfront.net/file_library/videos/vod_non_drm_ios/3881027/1702285148_2421163839989886/1702284947898_148583977353184160_video_VOD.m3u8\'}, {\'_additional\': {\'certainty\': 0.8939640522003174}, \'start_time_in_seconds\': 1974.13, \'text\': \'-- Why are you\\n-- wasting your time with such an asshole? तुम जाओ यार, तुम जाओ तुम जाओ जा के शादी वादी कर लो, बच्चे अच्छे पैदा कर लो।\', \'title\': \'Sample MX Video - test\', \'video_download_url\': \'https://dw3htsev2ue75.cloudfront.net/file_library/videos/download/3881027/1702285474_6528324746215939/1702284947898_148583977353184160_video_VOD360p30.mp4\', \'video_file_url_hls\': \'https://dw3htsev2ue75.cloudfront.net/file_library/videos/vod_non_drm_ios/3881027/1702285148_2421163839989886/1702284947898_148583977353184160_video_VOD.m3u8\'}, {\'_additional\': {\'certainty\': 0.8938347101211548}, \'start_time_in_seconds\': 1362.189, \'text\': \'we all feel विश्व ली बहुत ड्राॅ। इसको एक टाइटल भी दिया मौत ऍम बॉस बॉस को बोलो धंधे पे ध्यान दो क्रिएटिविटी। ॅ फॅर हाँ ऍम ऍम ऍम sounds\', \'title\': \'Sample MX Video - test\', \'video_download_url\': \'https://dw3htsev2ue75.cloudfront.net/file_library/videos/download/3881027/1702285474_6528324746215939/1702284947898_148583977353184160_video_VOD360p30.mp4\', \'video_file_url_hls\': \'https://dw3htsev2ue75.cloudfront.net/file_library/videos/vod_non_drm_ios/3881027/1702285148_2421163839989886/1702284947898_148583977353184160_video_VOD.m3u8\'}]}}}\'')]","{
  ""cuss_words_count"": 4,
  ""derogatory_remarks_targeting_society_or_religion"": 0,
  ""derogatory_remarks_on_army"": 0,
  ""derogatory_remarks_on_navy"": 0,
  ""derogatory_remarks_on_air_force"": 0,
  ""derogatory_remarks_on_national_flag"": 0,
  ""cuss_word_names"": [
    ""fucking"",
    ""shit"",
    ""asshole"",
    ""ma""
  ]
}",1565,116,0.0025794999999999998,1681,4,0,0,0,0,0,"['fucking', 'shit', 'asshole', 'ma']"
Cuss words,"{'data': {'Get': {'VideoCriptTextData': [{'_additional': {'distance': 0.19130087}, 'start_time_in_seconds': 2003.189, 'text': ""That's all you're fucking capable of anyway. You know what I shouldn't have called you so harsh, harsher. Look at his eyes. Exactly what the fuck out. ओके"", 'title': 'Sample MX Video - test', 'video_download_url': 'https://dw3htsev2ue75.cloudfront.net/file_library/videos/download/3881027/1702285474_6528324746215939/1702284947898_148583977353184160_video_VOD360p30.mp4', 'video_file_url_hls': 'https://dw3htsev2ue75.cloudfront.net/file_library/videos/vod_non_drm_ios/3881027/1702285148_2421163839989886/1702284947898_148583977353184160_video_VOD.m3u8'}, {'_additional': {'distance': 0.20270556}, 'start_time_in_seconds': 329.18, 'text': 'जल्दी आप इसको क्लीन कीजिये। अरे इधर ऍम पे कॉल किया था आज रात का टाइम पे पहुँच हम मार के इधर उधर लुढक मत जाना टाइम पे पहुँच जाना।', 'title': 'Sample MX Video - test', 'video_download_url': 'https://dw3htsev2ue75.cloudfront.net/file_library/videos/download/3881027/1702285474_6528324746215939/1702284947898_148583977353184160_video_VOD360p30.mp4', 'video_file_url_hls': 'https://dw3htsev2ue75.cloudfront.net/file_library/videos/vod_non_drm_ios/3881027/1702285148_2421163839989886/1702284947898_148583977353184160_video_VOD.m3u8'}, {'_additional': {'distance': 0.20548451}, 'start_time_in_seconds': 1957.52, 'text': ""चिंटू जैसे लोग मेरी मदद करेंगे। ok, Shiv don't take this in the wrong way, ok? I'm just trying to help. I don't need help ne I'm shit. Fucking ma"", 'title': 'Sample MX Video - test', 'video_download_url': 'https://dw3htsev2ue75.cloudfront.net/file_library/videos/download/3881027/1702285474_6528324746215939/1702284947898_148583977353184160_video_VOD360p30.mp4', 'video_file_url_hls': 'https://dw3htsev2ue75.cloudfront.net/file_library/videos/vod_non_drm_ios/3881027/1702285148_2421163839989886/1702284947898_148583977353184160_video_VOD.m3u8'}, {'_additional': {'distance': 0.2120719}, 'start_time_in_seconds': 1974.13, 'text': '-- Why are you\n-- wasting your time with such an asshole? तुम जाओ यार, तुम जाओ तुम जाओ जा के शादी वादी कर लो, बच्चे अच्छे पैदा कर लो।', 'title': 'Sample MX Video - test', 'video_download_url': 'https://dw3htsev2ue75.cloudfront.net/file_library/videos/download/3881027/1702285474_6528324746215939/1702284947898_148583977353184160_video_VOD360p30.mp4', 'video_file_url_hls': 'https://dw3htsev2ue75.cloudfront.net/file_library/videos/vod_non_drm_ios/3881027/1702285148_2421163839989886/1702284947898_148583977353184160_video_VOD.m3u8'}, {'_additional': {'distance': 0.21233058}, 'start_time_in_seconds': 1362.189, 'text': 'we all feel विश्व ली बहुत ड्राॅ। इसको एक टाइटल भी दिया मौत ऍम बॉस बॉस को बोलो धंधे पे ध्यान दो क्रिएटिविटी। ॅ फॅर हाँ ऍम ऍम ऍम sounds', 'title': 'Sample MX Video - test', 'video_download_url': 'https://dw3htsev2ue75.cloudfront.net/file_library/videos/download/3881027/1702285474_6528324746215939/1702284947898_148583977353184160_video_VOD360p30.mp4', 'video_file_url_hls': 'https://dw3htsev2ue75.cloudfront.net/file_library/videos/vod_non_drm_ios/3881027/1702285148_2421163839989886/1702284947898_148583977353184160_video_VOD.m3u8'}]}}}",gpt-3.5-turbo,"[SystemMessage(content='\n            You are a content moderator, and your task is to count the exact occurrences of cuss words or derogatory remarks targeting specific sections of society or religion, or offensive content related to the Army, Navy, Air Force, or national flag in the given text. Your goal is to accurately count the instances of such content and provide the information in JSON format.\n\n                Please analyze the given text and return a JSON object with the following structure:\n\n                {\n                ""cuss_words_count"": <count_of_cuss_words>,\n                ""derogatory_remarks_targeting_society_or_religion"": <count_of_derogatory_remarks>,\n                ""derogatory_remarks_on_army"": <count_of_army_mentions>,\n                ""derogatory_remarks_on_navy"": <count_of_navy_mentions>,\n                ""derogatory_remarks_on_air_force"": <count_of_air_force_mentions>,\n                ""derogatory_remarks_on_national_flag"": <count_of_national_flag_mentions>\n                ""cuss_word_names"": [<cuss words>]\n                }'), HumanMessage(content='Given text: \'{\'data\': {\'Get\': {\'VideoCriptTextData\': [{\'_additional\': {\'distance\': 0.19130087}, \'start_time_in_seconds\': 2003.189, \'text\': ""That\'s all you\'re fucking capable of anyway. You know what I shouldn\'t have called you so harsh, harsher. Look at his eyes. Exactly what the fuck out. ओके"", \'title\': \'Sample MX Video - test\', \'video_download_url\': \'https://dw3htsev2ue75.cloudfront.net/file_library/videos/download/3881027/1702285474_6528324746215939/1702284947898_148583977353184160_video_VOD360p30.mp4\', \'video_file_url_hls\': \'https://dw3htsev2ue75.cloudfront.net/file_library/videos/vod_non_drm_ios/3881027/1702285148_2421163839989886/1702284947898_148583977353184160_video_VOD.m3u8\'}, {\'_additional\': {\'distance\': 0.20270556}, \'start_time_in_seconds\': 329.18, \'text\': \'जल्दी आप इसको क्लीन कीजिये। अरे इधर ऍम पे कॉल किया था आज रात का टाइम पे पहुँच हम मार के इधर उधर लुढक मत जाना टाइम पे पहुँच जाना।\', \'title\': \'Sample MX Video - test\', \'video_download_url\': \'https://dw3htsev2ue75.cloudfront.net/file_library/videos/download/3881027/1702285474_6528324746215939/1702284947898_148583977353184160_video_VOD360p30.mp4\', \'video_file_url_hls\': \'https://dw3htsev2ue75.cloudfront.net/file_library/videos/vod_non_drm_ios/3881027/1702285148_2421163839989886/1702284947898_148583977353184160_video_VOD.m3u8\'}, {\'_additional\': {\'distance\': 0.20548451}, \'start_time_in_seconds\': 1957.52, \'text\': ""चिंटू जैसे लोग मेरी मदद करेंगे। ok, Shiv don\'t take this in the wrong way, ok? I\'m just trying to help. I don\'t need help ne I\'m shit. Fucking ma"", \'title\': \'Sample MX Video - test\', \'video_download_url\': \'https://dw3htsev2ue75.cloudfront.net/file_library/videos/download/3881027/1702285474_6528324746215939/1702284947898_148583977353184160_video_VOD360p30.mp4\', \'video_file_url_hls\': \'https://dw3htsev2ue75.cloudfront.net/file_library/videos/vod_non_drm_ios/3881027/1702285148_2421163839989886/1702284947898_148583977353184160_video_VOD.m3u8\'}, {\'_additional\': {\'distance\': 0.2120719}, \'start_time_in_seconds\': 1974.13, \'text\': \'-- Why are you\\n-- wasting your time with such an asshole? तुम जाओ यार, तुम जाओ तुम जाओ जा के शादी वादी कर लो, बच्चे अच्छे पैदा कर लो।\', \'title\': \'Sample MX Video - test\', \'video_download_url\': \'https://dw3htsev2ue75.cloudfront.net/file_library/videos/download/3881027/1702285474_6528324746215939/1702284947898_148583977353184160_video_VOD360p30.mp4\', \'video_file_url_hls\': \'https://dw3htsev2ue75.cloudfront.net/file_library/videos/vod_non_drm_ios/3881027/1702285148_2421163839989886/1702284947898_148583977353184160_video_VOD.m3u8\'}, {\'_additional\': {\'distance\': 0.21233058}, \'start_time_in_seconds\': 1362.189, \'text\': \'we all feel विश्व ली बहुत ड्राॅ। इसको एक टाइटल भी दिया मौत ऍम बॉस बॉस को बोलो धंधे पे ध्यान दो क्रिएटिविटी। ॅ फॅर हाँ ऍम ऍम ऍम sounds\', \'title\': \'Sample MX Video - test\', \'video_download_url\': \'https://dw3htsev2ue75.cloudfront.net/file_library/videos/download/3881027/1702285474_6528324746215939/1702284947898_148583977353184160_video_VOD360p30.mp4\', \'video_file_url_hls\': \'https://dw3htsev2ue75.cloudfront.net/file_library/videos/vod_non_drm_ios/3881027/1702285148_2421163839989886/1702284947898_148583977353184160_video_VOD.m3u8\'}]}}}\'')]","{
  ""cuss_words_count"": 4,
  ""derogatory_remarks_targeting_society_or_religion"": 0,
  ""derogatory_remarks_on_army"": 0,
  ""derogatory_remarks_on_navy"": 0,
  ""derogatory_remarks_on_air_force"": 0,
  ""derogatory_remarks_on_national_flag"": 0,
  ""cuss_word_names"": [
    ""fucking"",
    ""shit"",
    ""asshole"",
    ""ma""
  ]
}",1545,116,0.0025495,1661,4,0,0,0,0,0,"['fucking', 'shit', 'asshole', 'ma']"
Cuss words,"{'data': {'Get': {'VideoCriptTextData': [{'_additional': {'certainty': 0.9043495655059814}, 'start_time_in_seconds': 2003.189, 'text': ""That's all you're fucking capable of anyway. You know what I shouldn't have called you so harsh, harsher. Look at his eyes. Exactly what the fuck out. ओके"", 'title': 'Sample MX Video - test', 'video_download_url': 'https://dw3htsev2ue75.cloudfront.net/file_library/videos/download/3881027/1702285474_6528324746215939/1702284947898_148583977353184160_video_VOD360p30.mp4', 'video_file_url_hls': 'https://dw3htsev2ue75.cloudfront.net/file_library/videos/vod_non_drm_ios/3881027/1702285148_2421163839989886/1702284947898_148583977353184160_video_VOD.m3u8'}, {'_additional': {'certainty': 0.8986472189426422}, 'start_time_in_seconds': 329.18, 'text': 'जल्दी आप इसको क्लीन कीजिये। अरे इधर ऍम पे कॉल किया था आज रात का टाइम पे पहुँच हम मार के इधर उधर लुढक मत जाना टाइम पे पहुँच जाना।', 'title': 'Sample MX Video - test', 'video_download_url': 'https://dw3htsev2ue75.cloudfront.net/file_library/videos/download/3881027/1702285474_6528324746215939/1702284947898_148583977353184160_video_VOD360p30.mp4', 'video_file_url_hls': 'https://dw3htsev2ue75.cloudfront.net/file_library/videos/vod_non_drm_ios/3881027/1702285148_2421163839989886/1702284947898_148583977353184160_video_VOD.m3u8'}, {'_additional': {'certainty': 0.8972577452659607}, 'start_time_in_seconds': 1957.52, 'text': ""चिंटू जैसे लोग मेरी मदद करेंगे। ok, Shiv don't take this in the wrong way, ok? I'm just trying to help. I don't need help ne I'm shit. Fucking ma"", 'title': 'Sample MX Video - test', 'video_download_url': 'https://dw3htsev2ue75.cloudfront.net/file_library/videos/download/3881027/1702285474_6528324746215939/1702284947898_148583977353184160_video_VOD360p30.mp4', 'video_file_url_hls': 'https://dw3htsev2ue75.cloudfront.net/file_library/videos/vod_non_drm_ios/3881027/1702285148_2421163839989886/1702284947898_148583977353184160_video_VOD.m3u8'}, {'_additional': {'certainty': 0.8939640522003174}, 'start_time_in_seconds': 1974.13, 'text': '-- Why are you\n-- wasting your time with such an asshole? तुम जाओ यार, तुम जाओ तुम जाओ जा के शादी वादी कर लो, बच्चे अच्छे पैदा कर लो।', 'title': 'Sample MX Video - test', 'video_download_url': 'https://dw3htsev2ue75.cloudfront.net/file_library/videos/download/3881027/1702285474_6528324746215939/1702284947898_148583977353184160_video_VOD360p30.mp4', 'video_file_url_hls': 'https://dw3htsev2ue75.cloudfront.net/file_library/videos/vod_non_drm_ios/3881027/1702285148_2421163839989886/1702284947898_148583977353184160_video_VOD.m3u8'}, {'_additional': {'certainty': 0.8938347101211548}, 'start_time_in_seconds': 1362.189, 'text': 'we all feel विश्व ली बहुत ड्राॅ। इसको एक टाइटल भी दिया मौत ऍम बॉस बॉस को बोलो धंधे पे ध्यान दो क्रिएटिविटी। ॅ फॅर हाँ ऍम ऍम ऍम sounds', 'title': 'Sample MX Video - test', 'video_download_url': 'https://dw3htsev2ue75.cloudfront.net/file_library/videos/download/3881027/1702285474_6528324746215939/1702284947898_148583977353184160_video_VOD360p30.mp4', 'video_file_url_hls': 'https://dw3htsev2ue75.cloudfront.net/file_library/videos/vod_non_drm_ios/3881027/1702285148_2421163839989886/1702284947898_148583977353184160_video_VOD.m3u8'}]}}}",gpt-3.5-turbo,"[SystemMessage(content='\n            You are a content moderator, and your task is to count the exact occurrences of cuss words or derogatory remarks targeting specific sections of society or religion, or offensive content related to the Army, Navy, Air Force, or national flag in the given text. Your goal is to accurately count the instances of such content and provide the information in JSON format.\n\n                Please analyze the given text and return a JSON object with the following structure:\n\n                {\n                ""cuss_words_count"": <count_of_cuss_words>,\n                ""derogatory_remarks_targeting_society_or_religion"": <count_of_derogatory_remarks>,\n                ""derogatory_remarks_on_army"": <count_of_army_mentions>,\n                ""derogatory_remarks_on_navy"": <count_of_navy_mentions>,\n                ""derogatory_remarks_on_air_force"": <count_of_air_force_mentions>,\n                ""derogatory_remarks_on_national_flag"": <count_of_national_flag_mentions>\n                ""cuss_word_names"": [<cuss words>]\n                }'), HumanMessage(content='Given text: \'{\'data\': {\'Get\': {\'VideoCriptTextData\': [{\'_additional\': {\'certainty\': 0.9043495655059814}, \'start_time_in_seconds\': 2003.189, \'text\': ""That\'s all you\'re fucking capable of anyway. You know what I shouldn\'t have called you so harsh, harsher. Look at his eyes. Exactly what the fuck out. ओके"", \'title\': \'Sample MX Video - test\', \'video_download_url\': \'https://dw3htsev2ue75.cloudfront.net/file_library/videos/download/3881027/1702285474_6528324746215939/1702284947898_148583977353184160_video_VOD360p30.mp4\', \'video_file_url_hls\': \'https://dw3htsev2ue75.cloudfront.net/file_library/videos/vod_non_drm_ios/3881027/1702285148_2421163839989886/1702284947898_148583977353184160_video_VOD.m3u8\'}, {\'_additional\': {\'certainty\': 0.8986472189426422}, \'start_time_in_seconds\': 329.18, \'text\': \'जल्दी आप इसको क्लीन कीजिये। अरे इधर ऍम पे कॉल किया था आज रात का टाइम पे पहुँच हम मार के इधर उधर लुढक मत जाना टाइम पे पहुँच जाना।\', \'title\': \'Sample MX Video - test\', \'video_download_url\': \'https://dw3htsev2ue75.cloudfront.net/file_library/videos/download/3881027/1702285474_6528324746215939/1702284947898_148583977353184160_video_VOD360p30.mp4\', \'video_file_url_hls\': \'https://dw3htsev2ue75.cloudfront.net/file_library/videos/vod_non_drm_ios/3881027/1702285148_2421163839989886/1702284947898_148583977353184160_video_VOD.m3u8\'}, {\'_additional\': {\'certainty\': 0.8972577452659607}, \'start_time_in_seconds\': 1957.52, \'text\': ""चिंटू जैसे लोग मेरी मदद करेंगे। ok, Shiv don\'t take this in the wrong way, ok? I\'m just trying to help. I don\'t need help ne I\'m shit. Fucking ma"", \'title\': \'Sample MX Video - test\', \'video_download_url\': \'https://dw3htsev2ue75.cloudfront.net/file_library/videos/download/3881027/1702285474_6528324746215939/1702284947898_148583977353184160_video_VOD360p30.mp4\', \'video_file_url_hls\': \'https://dw3htsev2ue75.cloudfront.net/file_library/videos/vod_non_drm_ios/3881027/1702285148_2421163839989886/1702284947898_148583977353184160_video_VOD.m3u8\'}, {\'_additional\': {\'certainty\': 0.8939640522003174}, \'start_time_in_seconds\': 1974.13, \'text\': \'-- Why are you\\n-- wasting your time with such an asshole? तुम जाओ यार, तुम जाओ तुम जाओ जा के शादी वादी कर लो, बच्चे अच्छे पैदा कर लो।\', \'title\': \'Sample MX Video - test\', \'video_download_url\': \'https://dw3htsev2ue75.cloudfront.net/file_library/videos/download/3881027/1702285474_6528324746215939/1702284947898_148583977353184160_video_VOD360p30.mp4\', \'video_file_url_hls\': \'https://dw3htsev2ue75.cloudfront.net/file_library/videos/vod_non_drm_ios/3881027/1702285148_2421163839989886/1702284947898_148583977353184160_video_VOD.m3u8\'}, {\'_additional\': {\'certainty\': 0.8938347101211548}, \'start_time_in_seconds\': 1362.189, \'text\': \'we all feel विश्व ली बहुत ड्राॅ। इसको एक टाइटल भी दिया मौत ऍम बॉस बॉस को बोलो धंधे पे ध्यान दो क्रिएटिविटी। ॅ फॅर हाँ ऍम ऍम ऍम sounds\', \'title\': \'Sample MX Video - test\', \'video_download_url\': \'https://dw3htsev2ue75.cloudfront.net/file_library/videos/download/3881027/1702285474_6528324746215939/1702284947898_148583977353184160_video_VOD360p30.mp4\', \'video_file_url_hls\': \'https://dw3htsev2ue75.cloudfront.net/file_library/videos/vod_non_drm_ios/3881027/1702285148_2421163839989886/1702284947898_148583977353184160_video_VOD.m3u8\'}]}}}\'')]","{
  ""cuss_words_count"": 3,
  ""derogatory_remarks_targeting_society_or_religion"": 0,
  ""derogatory_remarks_on_army"": 0,
  ""derogatory_remarks_on_navy"": 0,
  ""derogatory_remarks_on_air_force"": 0,
  ""derogatory_remarks_on_national_flag"": 0,
  ""cuss_word_names"": [
    ""fucking"",
    ""shit"",
    ""asshole""
  ]
}",1565,112,0.0025714999999999996,1677,3,0,0,0,0,0,"['fucking', 'shit', 'asshole']"
