Title,Question,Weaviate Certainty Score,Images,Start Time,Video URL
Sample_MX_Video.mp4,Smoking scenes,0.6449672877788544,images/local001-0-23-42.00.jpg,1422,https://drive.google.com/file/d/1QSocDebTBM14B9uandQqd6PAXo5PrwcF/view
Sample_MX_Video.mp4,Smoking scenes,0.6449270844459534,images/local001-0-24-28.00.jpg,1468,https://drive.google.com/file/d/1QSocDebTBM14B9uandQqd6PAXo5PrwcF/view
Sample_MX_Video.mp4,Smoking scenes,0.644147664308548,images/local001-0-24-05.00.jpg,1445,https://drive.google.com/file/d/1QSocDebTBM14B9uandQqd6PAXo5PrwcF/view
Sample_MX_Video.mp4,Smoking scenes,0.6434799432754517,images/local001-0-09-40.00.jpg,580,https://drive.google.com/file/d/1QSocDebTBM14B9uandQqd6PAXo5PrwcF/view
Sample_MX_Video.mp4,Smoking scenes,0.6431942582130432,images/local001-0-23-53.00.jpg,1433,https://drive.google.com/file/d/1QSocDebTBM14B9uandQqd6PAXo5PrwcF/view
Sample_MX_Video.mp4,Smoking scenes,0.6426557302474976,images/local001-0-24-06.00.jpg,1446,https://drive.google.com/file/d/1QSocDebTBM14B9uandQqd6PAXo5PrwcF/view
Sample_MX_Video.mp4,Smoking scenes,0.6424082815647125,images/local001-0-23-43.00.jpg,1423,https://drive.google.com/file/d/1QSocDebTBM14B9uandQqd6PAXo5PrwcF/view
Sample_MX_Video.mp4,Smoking scenes,0.6422985792160034,images/local001-0-23-41.00.jpg,1421,https://drive.google.com/file/d/1QSocDebTBM14B9uandQqd6PAXo5PrwcF/view
Sample_MX_Video.mp4,Smoking scenes,0.6417735815048218,images/local001-0-09-41.00.jpg,581,https://drive.google.com/file/d/1QSocDebTBM14B9uandQqd6PAXo5PrwcF/view
Sample_MX_Video.mp4,Smoking scenes,0.641667366027832,images/local001-0-09-43.00.jpg,583,https://drive.google.com/file/d/1QSocDebTBM14B9uandQqd6PAXo5PrwcF/view
Sample_MX_Video.mp4,Smoking scenes,0.6414478421211243,images/local001-0-24-07.00.jpg,1447,https://drive.google.com/file/d/1QSocDebTBM14B9uandQqd6PAXo5PrwcF/view
Sample_MX_Video.mp4,Smoking scenes,0.6405177414417267,images/local001-0-19-28.00.jpg,1168,https://drive.google.com/file/d/1QSocDebTBM14B9uandQqd6PAXo5PrwcF/view
Sample_MX_Video.mp4,Smoking scenes,0.6402389705181122,images/local001-0-23-56.00.jpg,1436,https://drive.google.com/file/d/1QSocDebTBM14B9uandQqd6PAXo5PrwcF/view
Sample_MX_Video.mp4,Smoking scenes,0.6399986445903778,images/local001-0-19-29.00.jpg,1169,https://drive.google.com/file/d/1QSocDebTBM14B9uandQqd6PAXo5PrwcF/view
Sample_MX_Video.mp4,Smoking scenes,0.6390464901924133,images/local001-0-08-30.00.jpg,510,https://drive.google.com/file/d/1QSocDebTBM14B9uandQqd6PAXo5PrwcF/view
Sample_MX_Video.mp4,Smoking scenes,0.6387144327163696,images/local001-0-24-30.00.jpg,1470,https://drive.google.com/file/d/1QSocDebTBM14B9uandQqd6PAXo5PrwcF/view
Sample_MX_Video.mp4,Smoking scenes,0.6386565268039703,images/local001-0-23-55.00.jpg,1435,https://drive.google.com/file/d/1QSocDebTBM14B9uandQqd6PAXo5PrwcF/view
Sample_MX_Video.mp4,Smoking scenes,0.6379026770591736,images/local001-0-23-44.00.jpg,1424,https://drive.google.com/file/d/1QSocDebTBM14B9uandQqd6PAXo5PrwcF/view
Sample_MX_Video.mp4,Smoking scenes,0.6368402242660522,images/local001-0-09-42.00.jpg,582,https://drive.google.com/file/d/1QSocDebTBM14B9uandQqd6PAXo5PrwcF/view
Sample_MX_Video.mp4,Smoking scenes,0.6362807154655457,images/local001-0-08-49.00.jpg,529,https://drive.google.com/file/d/1QSocDebTBM14B9uandQqd6PAXo5PrwcF/view
Sample_MX_Video.mp4,Smoking scenes,0.6361315846443176,images/local001-0-06-18.00.jpg,378,https://drive.google.com/file/d/1QSocDebTBM14B9uandQqd6PAXo5PrwcF/view
Sample_MX_Video.mp4,Smoking scenes,0.6359550952911377,images/local001-0-23-40.00.jpg,1420,https://drive.google.com/file/d/1QSocDebTBM14B9uandQqd6PAXo5PrwcF/view
Sample_MX_Video.mp4,Smoking scenes,0.6358912587165833,images/local001-0-23-57.00.jpg,1437,https://drive.google.com/file/d/1QSocDebTBM14B9uandQqd6PAXo5PrwcF/view
Sample_MX_Video.mp4,Smoking scenes,0.6357624530792236,images/local001-0-19-36.00.jpg,1176,https://drive.google.com/file/d/1QSocDebTBM14B9uandQqd6PAXo5PrwcF/view
Sample_MX_Video.mp4,Smoking scenes,0.6357540488243103,images/local001-0-24-04.00.jpg,1444,https://drive.google.com/file/d/1QSocDebTBM14B9uandQqd6PAXo5PrwcF/view
Sample_MX_Video.mp4,Smoking scenes,0.6354951858520508,images/local001-0-08-29.00.jpg,509,https://drive.google.com/file/d/1QSocDebTBM14B9uandQqd6PAXo5PrwcF/view
Sample_MX_Video.mp4,Smoking scenes,0.6354468166828156,images/local001-0-19-37.00.jpg,1177,https://drive.google.com/file/d/1QSocDebTBM14B9uandQqd6PAXo5PrwcF/view
Sample_MX_Video.mp4,Smoking scenes,0.6354288756847382,images/local001-0-24-29.00.jpg,1469,https://drive.google.com/file/d/1QSocDebTBM14B9uandQqd6PAXo5PrwcF/view
Sample_MX_Video.mp4,Smoking scenes,0.6349553465843201,images/local001-0-24-10.00.jpg,1450,https://drive.google.com/file/d/1QSocDebTBM14B9uandQqd6PAXo5PrwcF/view
Sample_MX_Video.mp4,Smoking scenes,0.6343428492546082,images/local001-0-24-31.00.jpg,1471,https://drive.google.com/file/d/1QSocDebTBM14B9uandQqd6PAXo5PrwcF/view
Sample_MX_Video.mp4,Smoking scenes,0.6340510249137878,images/local001-0-21-03.00.jpg,1263,https://drive.google.com/file/d/1QSocDebTBM14B9uandQqd6PAXo5PrwcF/view
Sample_MX_Video.mp4,Smoking scenes,0.633480966091156,images/local001-0-23-45.00.jpg,1425,https://drive.google.com/file/d/1QSocDebTBM14B9uandQqd6PAXo5PrwcF/view
Sample_MX_Video.mp4,Smoking scenes,0.6330214738845825,images/local001-0-12-25.00.jpg,745,https://drive.google.com/file/d/1QSocDebTBM14B9uandQqd6PAXo5PrwcF/view
Sample_MX_Video.mp4,Smoking scenes,0.6322425901889801,images/local001-0-23-54.00.jpg,1434,https://drive.google.com/file/d/1QSocDebTBM14B9uandQqd6PAXo5PrwcF/view
Sample_MX_Video.mp4,Smoking scenes,0.6321692764759064,images/local001-0-20-44.00.jpg,1244,https://drive.google.com/file/d/1QSocDebTBM14B9uandQqd6PAXo5PrwcF/view
Sample_MX_Video.mp4,Smoking scenes,0.6320322155952454,images/local001-0-34-25.00.jpg,2065,https://drive.google.com/file/d/1QSocDebTBM14B9uandQqd6PAXo5PrwcF/view
Sample_MX_Video.mp4,Smoking scenes,0.6316128373146057,images/local001-0-09-50.00.jpg,590,https://drive.google.com/file/d/1QSocDebTBM14B9uandQqd6PAXo5PrwcF/view
Sample_MX_Video.mp4,Smoking scenes,0.6308688223361969,images/local001-0-09-35.00.jpg,575,https://drive.google.com/file/d/1QSocDebTBM14B9uandQqd6PAXo5PrwcF/view
Sample_MX_Video.mp4,Smoking scenes,0.6308488845825195,images/local001-0-34-19.00.jpg,2059,https://drive.google.com/file/d/1QSocDebTBM14B9uandQqd6PAXo5PrwcF/view
Sample_MX_Video.mp4,Smoking scenes,0.6307353377342224,images/local001-0-20-54.00.jpg,1254,https://drive.google.com/file/d/1QSocDebTBM14B9uandQqd6PAXo5PrwcF/view
Sample_MX_Video.mp4,Smoking scenes,0.6304400563240051,images/local001-0-09-00.00.jpg,540,https://drive.google.com/file/d/1QSocDebTBM14B9uandQqd6PAXo5PrwcF/view
Sample_MX_Video.mp4,Smoking scenes,0.6302585005760193,images/local001-0-27-27.00.jpg,1647,https://drive.google.com/file/d/1QSocDebTBM14B9uandQqd6PAXo5PrwcF/view
Sample_MX_Video.mp4,Smoking scenes,0.6302511096000671,images/local001-0-09-51.00.jpg,591,https://drive.google.com/file/d/1QSocDebTBM14B9uandQqd6PAXo5PrwcF/view
Sample_MX_Video.mp4,Smoking scenes,0.6298718452453613,images/local001-0-09-47.00.jpg,587,https://drive.google.com/file/d/1QSocDebTBM14B9uandQqd6PAXo5PrwcF/view
Sample_MX_Video.mp4,Smoking scenes,0.6296750009059906,images/local001-0-09-44.00.jpg,584,https://drive.google.com/file/d/1QSocDebTBM14B9uandQqd6PAXo5PrwcF/view
Sample_MX_Video.mp4,Smoking scenes,0.6295415759086609,images/local001-0-34-24.00.jpg,2064,https://drive.google.com/file/d/1QSocDebTBM14B9uandQqd6PAXo5PrwcF/view
Sample_MX_Video.mp4,Smoking scenes,0.6294358968734741,images/local001-0-09-05.00.jpg,545,https://drive.google.com/file/d/1QSocDebTBM14B9uandQqd6PAXo5PrwcF/view
Sample_MX_Video.mp4,Smoking scenes,0.6292899250984192,images/local001-0-09-46.00.jpg,586,https://drive.google.com/file/d/1QSocDebTBM14B9uandQqd6PAXo5PrwcF/view
Sample_MX_Video.mp4,Smoking scenes,0.6291836202144623,images/local001-0-09-06.00.jpg,546,https://drive.google.com/file/d/1QSocDebTBM14B9uandQqd6PAXo5PrwcF/view
Sample_MX_Video.mp4,Smoking scenes,0.6288520395755768,images/local001-0-08-47.00.jpg,527,https://drive.google.com/file/d/1QSocDebTBM14B9uandQqd6PAXo5PrwcF/view
Sample_MX_Video.mp4,Smoking scenes,0.6288086771965027,images/local001-0-19-35.00.jpg,1175,https://drive.google.com/file/d/1QSocDebTBM14B9uandQqd6PAXo5PrwcF/view
Sample_MX_Video.mp4,Smoking scenes,0.6282795071601868,images/local001-0-09-45.00.jpg,585,https://drive.google.com/file/d/1QSocDebTBM14B9uandQqd6PAXo5PrwcF/view
Sample_MX_Video.mp4,Smoking scenes,0.628267914056778,images/local001-0-23-58.00.jpg,1438,https://drive.google.com/file/d/1QSocDebTBM14B9uandQqd6PAXo5PrwcF/view
Sample_MX_Video.mp4,Smoking scenes,0.6277523636817932,images/local001-0-27-32.00.jpg,1652,https://drive.google.com/file/d/1QSocDebTBM14B9uandQqd6PAXo5PrwcF/view
Sample_MX_Video.mp4,Smoking scenes,0.627690315246582,images/local001-0-20-43.00.jpg,1243,https://drive.google.com/file/d/1QSocDebTBM14B9uandQqd6PAXo5PrwcF/view
Sample_MX_Video.mp4,Smoking scenes,0.6275769174098969,images/local001-0-06-00.00.jpg,360,https://drive.google.com/file/d/1QSocDebTBM14B9uandQqd6PAXo5PrwcF/view
Sample_MX_Video.mp4,Smoking scenes,0.6270826458930969,images/local001-0-08-33.00.jpg,513,https://drive.google.com/file/d/1QSocDebTBM14B9uandQqd6PAXo5PrwcF/view
Sample_MX_Video.mp4,Smoking scenes,0.6270419955253601,images/local001-0-08-41.00.jpg,521,https://drive.google.com/file/d/1QSocDebTBM14B9uandQqd6PAXo5PrwcF/view
Sample_MX_Video.mp4,Smoking scenes,0.6267629563808441,images/local001-0-13-10.00.jpg,790,https://drive.google.com/file/d/1QSocDebTBM14B9uandQqd6PAXo5PrwcF/view
Sample_MX_Video.mp4,Smoking scenes,0.6265555620193481,images/local001-0-09-10.00.jpg,550,https://drive.google.com/file/d/1QSocDebTBM14B9uandQqd6PAXo5PrwcF/view
Sample_MX_Video.mp4,Smoking scenes,0.6263201534748077,images/local001-0-08-48.00.jpg,528,https://drive.google.com/file/d/1QSocDebTBM14B9uandQqd6PAXo5PrwcF/view
Sample_MX_Video.mp4,Smoking scenes,0.6262500286102295,images/local001-0-08-23.00.jpg,503,https://drive.google.com/file/d/1QSocDebTBM14B9uandQqd6PAXo5PrwcF/view
Sample_MX_Video.mp4,Smoking scenes,0.6260733902454376,images/local001-0-33-55.00.jpg,2035,https://drive.google.com/file/d/1QSocDebTBM14B9uandQqd6PAXo5PrwcF/view
Sample_MX_Video.mp4,Smoking scenes,0.6258364319801331,images/local001-0-33-52.00.jpg,2032,https://drive.google.com/file/d/1QSocDebTBM14B9uandQqd6PAXo5PrwcF/view
Sample_MX_Video.mp4,Smoking scenes,0.6257470846176147,images/local001-0-20-57.00.jpg,1257,https://drive.google.com/file/d/1QSocDebTBM14B9uandQqd6PAXo5PrwcF/view
Sample_MX_Video.mp4,Smoking scenes,0.6252887845039368,images/local001-0-20-48.00.jpg,1248,https://drive.google.com/file/d/1QSocDebTBM14B9uandQqd6PAXo5PrwcF/view
Sample_MX_Video.mp4,Smoking scenes,0.6252743899822235,images/local001-0-14-09.00.jpg,849,https://drive.google.com/file/d/1QSocDebTBM14B9uandQqd6PAXo5PrwcF/view
Sample_MX_Video.mp4,Smoking scenes,0.6251891553401947,images/local001-0-09-39.00.jpg,579,https://drive.google.com/file/d/1QSocDebTBM14B9uandQqd6PAXo5PrwcF/view
Sample_MX_Video.mp4,Smoking scenes,0.6251600980758667,images/local001-0-09-49.00.jpg,589,https://drive.google.com/file/d/1QSocDebTBM14B9uandQqd6PAXo5PrwcF/view
Sample_MX_Video.mp4,Smoking scenes,0.6250357031822205,images/local001-0-12-29.00.jpg,749,https://drive.google.com/file/d/1QSocDebTBM14B9uandQqd6PAXo5PrwcF/view
Sample_MX_Video.mp4,Smoking scenes,0.6249479055404663,images/local001-0-27-08.00.jpg,1628,https://drive.google.com/file/d/1QSocDebTBM14B9uandQqd6PAXo5PrwcF/view
Sample_MX_Video.mp4,Smoking scenes,0.6245664954185486,images/local001-0-09-32.00.jpg,572,https://drive.google.com/file/d/1QSocDebTBM14B9uandQqd6PAXo5PrwcF/view
Sample_MX_Video.mp4,Smoking scenes,0.6245478093624115,images/local001-0-12-31.00.jpg,751,https://drive.google.com/file/d/1QSocDebTBM14B9uandQqd6PAXo5PrwcF/view
Sample_MX_Video.mp4,Smoking scenes,0.6243371069431305,images/local001-0-28-41.00.jpg,1721,https://drive.google.com/file/d/1QSocDebTBM14B9uandQqd6PAXo5PrwcF/view
Sample_MX_Video.mp4,Smoking scenes,0.6242803335189819,images/local001-0-11-44.00.jpg,704,https://drive.google.com/file/d/1QSocDebTBM14B9uandQqd6PAXo5PrwcF/view
Sample_MX_Video.mp4,Smoking scenes,0.6242071986198425,images/local001-0-08-42.00.jpg,522,https://drive.google.com/file/d/1QSocDebTBM14B9uandQqd6PAXo5PrwcF/view
Sample_MX_Video.mp4,Smoking scenes,0.6241329312324524,images/local001-0-27-31.00.jpg,1651,https://drive.google.com/file/d/1QSocDebTBM14B9uandQqd6PAXo5PrwcF/view
Sample_MX_Video.mp4,Smoking scenes,0.6238089799880981,images/local001-0-29-04.00.jpg,1744,https://drive.google.com/file/d/1QSocDebTBM14B9uandQqd6PAXo5PrwcF/view
Sample_MX_Video.mp4,Smoking scenes,0.6238056719303131,images/local001-0-09-31.00.jpg,571,https://drive.google.com/file/d/1QSocDebTBM14B9uandQqd6PAXo5PrwcF/view
Sample_MX_Video.mp4,Smoking scenes,0.6236914992332458,images/local001-0-08-39.00.jpg,519,https://drive.google.com/file/d/1QSocDebTBM14B9uandQqd6PAXo5PrwcF/view
Sample_MX_Video.mp4,Smoking scenes,0.6235130429267883,images/local001-0-26-56.00.jpg,1616,https://drive.google.com/file/d/1QSocDebTBM14B9uandQqd6PAXo5PrwcF/view
Sample_MX_Video.mp4,Smoking scenes,0.6235009133815765,images/local001-0-13-12.00.jpg,792,https://drive.google.com/file/d/1QSocDebTBM14B9uandQqd6PAXo5PrwcF/view
Sample_MX_Video.mp4,Smoking scenes,0.6234560012817383,images/local001-0-33-36.00.jpg,2016,https://drive.google.com/file/d/1QSocDebTBM14B9uandQqd6PAXo5PrwcF/view
Sample_MX_Video.mp4,Smoking scenes,0.6234471499919891,images/local001-0-24-19.00.jpg,1459,https://drive.google.com/file/d/1QSocDebTBM14B9uandQqd6PAXo5PrwcF/view
Sample_MX_Video.mp4,Smoking scenes,0.6234188079833984,images/local001-0-34-23.00.jpg,2063,https://drive.google.com/file/d/1QSocDebTBM14B9uandQqd6PAXo5PrwcF/view
Sample_MX_Video.mp4,Smoking scenes,0.623336136341095,images/local001-0-09-08.00.jpg,548,https://drive.google.com/file/d/1QSocDebTBM14B9uandQqd6PAXo5PrwcF/view
Sample_MX_Video.mp4,Smoking scenes,0.6231213212013245,images/local001-0-09-52.00.jpg,592,https://drive.google.com/file/d/1QSocDebTBM14B9uandQqd6PAXo5PrwcF/view
Sample_MX_Video.mp4,Smoking scenes,0.6231009364128113,images/local001-0-08-34.00.jpg,514,https://drive.google.com/file/d/1QSocDebTBM14B9uandQqd6PAXo5PrwcF/view
Sample_MX_Video.mp4,Smoking scenes,0.6230433583259583,images/local001-0-24-52.00.jpg,1492,https://drive.google.com/file/d/1QSocDebTBM14B9uandQqd6PAXo5PrwcF/view
Sample_MX_Video.mp4,Smoking scenes,0.6230118572711945,images/local001-0-08-40.00.jpg,520,https://drive.google.com/file/d/1QSocDebTBM14B9uandQqd6PAXo5PrwcF/view
Sample_MX_Video.mp4,Smoking scenes,0.6228976845741272,images/local001-0-09-11.00.jpg,551,https://drive.google.com/file/d/1QSocDebTBM14B9uandQqd6PAXo5PrwcF/view
Sample_MX_Video.mp4,Smoking scenes,0.6225192248821259,images/local001-0-09-14.00.jpg,554,https://drive.google.com/file/d/1QSocDebTBM14B9uandQqd6PAXo5PrwcF/view
Sample_MX_Video.mp4,Smoking scenes,0.6224542260169983,images/local001-0-11-45.00.jpg,705,https://drive.google.com/file/d/1QSocDebTBM14B9uandQqd6PAXo5PrwcF/view
Sample_MX_Video.mp4,Smoking scenes,0.6223598420619965,images/local001-0-04-44.00.jpg,284,https://drive.google.com/file/d/1QSocDebTBM14B9uandQqd6PAXo5PrwcF/view
Sample_MX_Video.mp4,Smoking scenes,0.6223054826259613,images/local001-0-09-54.00.jpg,594,https://drive.google.com/file/d/1QSocDebTBM14B9uandQqd6PAXo5PrwcF/view
Sample_MX_Video.mp4,Smoking scenes,0.622252881526947,images/local001-0-09-04.00.jpg,544,https://drive.google.com/file/d/1QSocDebTBM14B9uandQqd6PAXo5PrwcF/view
Sample_MX_Video.mp4,Smoking scenes,0.622197151184082,images/local001-0-06-19.00.jpg,379,https://drive.google.com/file/d/1QSocDebTBM14B9uandQqd6PAXo5PrwcF/view
Sample_MX_Video.mp4,Smoking scenes,0.6221868991851807,images/local001-0-09-30.00.jpg,570,https://drive.google.com/file/d/1QSocDebTBM14B9uandQqd6PAXo5PrwcF/view
Sample_MX_Video.mp4,Smoking scenes,0.62205970287323,images/local001-0-09-34.00.jpg,574,https://drive.google.com/file/d/1QSocDebTBM14B9uandQqd6PAXo5PrwcF/view
Sample_MX_Video.mp4,Smoking scenes,0.62199467420578,images/local001-0-30-03.00.jpg,1803,https://drive.google.com/file/d/1QSocDebTBM14B9uandQqd6PAXo5PrwcF/view
Sample_MX_Video.mp4,Nudity,0.6313450932502747,images/local001-0-13-10.00.jpg,790,https://drive.google.com/file/d/1QSocDebTBM14B9uandQqd6PAXo5PrwcF/view
Sample_MX_Video.mp4,Nudity,0.6303278505802155,images/local001-0-16-06.00.jpg,966,https://drive.google.com/file/d/1QSocDebTBM14B9uandQqd6PAXo5PrwcF/view
Sample_MX_Video.mp4,Nudity,0.6266979873180389,images/local001-0-16-08.00.jpg,968,https://drive.google.com/file/d/1QSocDebTBM14B9uandQqd6PAXo5PrwcF/view
Sample_MX_Video.mp4,Nudity,0.6248189806938171,images/local001-0-13-12.00.jpg,792,https://drive.google.com/file/d/1QSocDebTBM14B9uandQqd6PAXo5PrwcF/view
Sample_MX_Video.mp4,Nudity,0.6245823204517365,images/local001-0-16-11.00.jpg,971,https://drive.google.com/file/d/1QSocDebTBM14B9uandQqd6PAXo5PrwcF/view
Sample_MX_Video.mp4,Nudity,0.6236598193645477,images/local001-0-13-27.00.jpg,807,https://drive.google.com/file/d/1QSocDebTBM14B9uandQqd6PAXo5PrwcF/view
Sample_MX_Video.mp4,Nudity,0.6231772899627686,images/local001-0-13-11.00.jpg,791,https://drive.google.com/file/d/1QSocDebTBM14B9uandQqd6PAXo5PrwcF/view
Sample_MX_Video.mp4,Nudity,0.6227467656135559,images/local001-0-16-09.00.jpg,969,https://drive.google.com/file/d/1QSocDebTBM14B9uandQqd6PAXo5PrwcF/view
Sample_MX_Video.mp4,Nudity,0.6226302087306976,images/local001-0-16-05.00.jpg,965,https://drive.google.com/file/d/1QSocDebTBM14B9uandQqd6PAXo5PrwcF/view
Sample_MX_Video.mp4,Nudity,0.6223439872264862,images/local001-0-16-31.00.jpg,991,https://drive.google.com/file/d/1QSocDebTBM14B9uandQqd6PAXo5PrwcF/view
Sample_MX_Video.mp4,Nudity,0.6216163039207458,images/local001-0-16-39.00.jpg,999,https://drive.google.com/file/d/1QSocDebTBM14B9uandQqd6PAXo5PrwcF/view
Sample_MX_Video.mp4,Nudity,0.6211911737918854,images/local001-0-16-00.00.jpg,960,https://drive.google.com/file/d/1QSocDebTBM14B9uandQqd6PAXo5PrwcF/view
Sample_MX_Video.mp4,Nudity,0.6211113631725311,images/local001-0-16-03.00.jpg,963,https://drive.google.com/file/d/1QSocDebTBM14B9uandQqd6PAXo5PrwcF/view
Sample_MX_Video.mp4,Nudity,0.621076911687851,images/local001-0-15-59.00.jpg,959,https://drive.google.com/file/d/1QSocDebTBM14B9uandQqd6PAXo5PrwcF/view
Sample_MX_Video.mp4,Nudity,0.6209934055805206,images/local001-0-16-07.00.jpg,967,https://drive.google.com/file/d/1QSocDebTBM14B9uandQqd6PAXo5PrwcF/view
Sample_MX_Video.mp4,Nudity,0.6209804117679596,images/local001-0-13-05.00.jpg,785,https://drive.google.com/file/d/1QSocDebTBM14B9uandQqd6PAXo5PrwcF/view
Sample_MX_Video.mp4,Nudity,0.6206963062286377,images/local001-0-16-32.00.jpg,992,https://drive.google.com/file/d/1QSocDebTBM14B9uandQqd6PAXo5PrwcF/view
Sample_MX_Video.mp4,Nudity,0.620618462562561,images/local001-0-16-40.00.jpg,1000,https://drive.google.com/file/d/1QSocDebTBM14B9uandQqd6PAXo5PrwcF/view
Sample_MX_Video.mp4,Nudity,0.6203555762767792,images/local001-0-16-30.00.jpg,990,https://drive.google.com/file/d/1QSocDebTBM14B9uandQqd6PAXo5PrwcF/view
Sample_MX_Video.mp4,Nudity,0.6200476586818695,images/local001-0-16-33.00.jpg,993,https://drive.google.com/file/d/1QSocDebTBM14B9uandQqd6PAXo5PrwcF/view
Sample_MX_Video.mp4,Nudity,0.6196845471858978,images/local001-0-16-14.00.jpg,974,https://drive.google.com/file/d/1QSocDebTBM14B9uandQqd6PAXo5PrwcF/view
Sample_MX_Video.mp4,Nudity,0.6195553541183472,images/local001-0-16-04.00.jpg,964,https://drive.google.com/file/d/1QSocDebTBM14B9uandQqd6PAXo5PrwcF/view
Sample_MX_Video.mp4,Nudity,0.6193642020225525,images/local001-0-19-29.00.jpg,1169,https://drive.google.com/file/d/1QSocDebTBM14B9uandQqd6PAXo5PrwcF/view
Sample_MX_Video.mp4,Nudity,0.6193437576293945,images/local001-0-16-41.00.jpg,1001,https://drive.google.com/file/d/1QSocDebTBM14B9uandQqd6PAXo5PrwcF/view
Sample_MX_Video.mp4,Nudity,0.6188594102859497,images/local001-0-13-21.00.jpg,801,https://drive.google.com/file/d/1QSocDebTBM14B9uandQqd6PAXo5PrwcF/view
Sample_MX_Video.mp4,Nudity,0.6188334822654724,images/local001-0-19-42.00.jpg,1182,https://drive.google.com/file/d/1QSocDebTBM14B9uandQqd6PAXo5PrwcF/view
Sample_MX_Video.mp4,Nudity,0.6179523766040802,images/local001-0-13-22.00.jpg,802,https://drive.google.com/file/d/1QSocDebTBM14B9uandQqd6PAXo5PrwcF/view
Sample_MX_Video.mp4,Nudity,0.6177063584327698,images/local001-0-16-34.00.jpg,994,https://drive.google.com/file/d/1QSocDebTBM14B9uandQqd6PAXo5PrwcF/view
Sample_MX_Video.mp4,Nudity,0.6176862120628357,images/local001-0-19-40.00.jpg,1180,https://drive.google.com/file/d/1QSocDebTBM14B9uandQqd6PAXo5PrwcF/view
Sample_MX_Video.mp4,Nudity,0.61767578125,images/local001-0-15-51.00.jpg,951,https://drive.google.com/file/d/1QSocDebTBM14B9uandQqd6PAXo5PrwcF/view
Sample_MX_Video.mp4,Nudity,0.6172361969947815,images/local001-0-19-28.00.jpg,1168,https://drive.google.com/file/d/1QSocDebTBM14B9uandQqd6PAXo5PrwcF/view
Sample_MX_Video.mp4,Nudity,0.6169516444206238,images/local001-0-19-44.00.jpg,1184,https://drive.google.com/file/d/1QSocDebTBM14B9uandQqd6PAXo5PrwcF/view
Sample_MX_Video.mp4,Nudity,0.6168527603149414,images/local001-0-16-35.00.jpg,995,https://drive.google.com/file/d/1QSocDebTBM14B9uandQqd6PAXo5PrwcF/view
Sample_MX_Video.mp4,Nudity,0.616843044757843,images/local001-0-16-22.00.jpg,982,https://drive.google.com/file/d/1QSocDebTBM14B9uandQqd6PAXo5PrwcF/view
Sample_MX_Video.mp4,Nudity,0.6168212890625,images/local001-0-16-44.00.jpg,1004,https://drive.google.com/file/d/1QSocDebTBM14B9uandQqd6PAXo5PrwcF/view
Sample_MX_Video.mp4,Nudity,0.6168147325515747,images/local001-0-15-48.00.jpg,948,https://drive.google.com/file/d/1QSocDebTBM14B9uandQqd6PAXo5PrwcF/view
Sample_MX_Video.mp4,Nudity,0.6165211796760559,images/local001-0-19-43.00.jpg,1183,https://drive.google.com/file/d/1QSocDebTBM14B9uandQqd6PAXo5PrwcF/view
Sample_MX_Video.mp4,Nudity,0.6163448691368103,images/local001-0-16-47.00.jpg,1007,https://drive.google.com/file/d/1QSocDebTBM14B9uandQqd6PAXo5PrwcF/view
Sample_MX_Video.mp4,Nudity,0.6163249313831329,images/local001-0-15-47.00.jpg,947,https://drive.google.com/file/d/1QSocDebTBM14B9uandQqd6PAXo5PrwcF/view
Sample_MX_Video.mp4,Nudity,0.6161986887454987,images/local001-0-16-46.00.jpg,1006,https://drive.google.com/file/d/1QSocDebTBM14B9uandQqd6PAXo5PrwcF/view
Sample_MX_Video.mp4,Nudity,0.6160622239112854,images/local001-0-13-04.00.jpg,784,https://drive.google.com/file/d/1QSocDebTBM14B9uandQqd6PAXo5PrwcF/view
Sample_MX_Video.mp4,Nudity,0.6159699261188507,images/local001-0-01-20.00.jpg,80,https://drive.google.com/file/d/1QSocDebTBM14B9uandQqd6PAXo5PrwcF/view
Sample_MX_Video.mp4,Nudity,0.6158028244972229,images/local001-0-15-56.00.jpg,956,https://drive.google.com/file/d/1QSocDebTBM14B9uandQqd6PAXo5PrwcF/view
Sample_MX_Video.mp4,Nudity,0.6157661974430084,images/local001-0-16-43.00.jpg,1003,https://drive.google.com/file/d/1QSocDebTBM14B9uandQqd6PAXo5PrwcF/view
Sample_MX_Video.mp4,Nudity,0.6156481504440308,images/local001-0-13-07.00.jpg,787,https://drive.google.com/file/d/1QSocDebTBM14B9uandQqd6PAXo5PrwcF/view
Sample_MX_Video.mp4,Nudity,0.6156367063522339,images/local001-0-03-08.00.jpg,188,https://drive.google.com/file/d/1QSocDebTBM14B9uandQqd6PAXo5PrwcF/view
Sample_MX_Video.mp4,Nudity,0.6153317093849182,images/local001-0-13-26.00.jpg,806,https://drive.google.com/file/d/1QSocDebTBM14B9uandQqd6PAXo5PrwcF/view
Sample_MX_Video.mp4,Nudity,0.615190863609314,images/local001-0-19-50.00.jpg,1190,https://drive.google.com/file/d/1QSocDebTBM14B9uandQqd6PAXo5PrwcF/view
Sample_MX_Video.mp4,Nudity,0.6149600148200989,images/local001-0-13-03.00.jpg,783,https://drive.google.com/file/d/1QSocDebTBM14B9uandQqd6PAXo5PrwcF/view
Sample_MX_Video.mp4,Nudity,0.6145172417163849,images/local001-0-01-10.00.jpg,70,https://drive.google.com/file/d/1QSocDebTBM14B9uandQqd6PAXo5PrwcF/view
Sample_MX_Video.mp4,Nudity,0.6144294440746307,images/local001-0-16-45.00.jpg,1005,https://drive.google.com/file/d/1QSocDebTBM14B9uandQqd6PAXo5PrwcF/view
Sample_MX_Video.mp4,Nudity,0.6142903566360474,images/local001-0-16-13.00.jpg,973,https://drive.google.com/file/d/1QSocDebTBM14B9uandQqd6PAXo5PrwcF/view
Sample_MX_Video.mp4,Nudity,0.6141355931758881,images/local001-0-15-50.00.jpg,950,https://drive.google.com/file/d/1QSocDebTBM14B9uandQqd6PAXo5PrwcF/view
Sample_MX_Video.mp4,Nudity,0.6139949560165405,images/local001-0-16-48.00.jpg,1008,https://drive.google.com/file/d/1QSocDebTBM14B9uandQqd6PAXo5PrwcF/view
Sample_MX_Video.mp4,Nudity,0.6138727068901062,images/local001-0-15-58.00.jpg,958,https://drive.google.com/file/d/1QSocDebTBM14B9uandQqd6PAXo5PrwcF/view
Sample_MX_Video.mp4,Nudity,0.6138131022453308,images/local001-0-19-20.00.jpg,1160,https://drive.google.com/file/d/1QSocDebTBM14B9uandQqd6PAXo5PrwcF/view
Sample_MX_Video.mp4,Nudity,0.613781601190567,images/local001-0-16-42.00.jpg,1002,https://drive.google.com/file/d/1QSocDebTBM14B9uandQqd6PAXo5PrwcF/view
Sample_MX_Video.mp4,Nudity,0.6137673556804657,images/local001-0-00-18.00.jpg,18,https://drive.google.com/file/d/1QSocDebTBM14B9uandQqd6PAXo5PrwcF/view
Sample_MX_Video.mp4,Nudity,0.6136078834533691,images/local001-0-16-12.00.jpg,972,https://drive.google.com/file/d/1QSocDebTBM14B9uandQqd6PAXo5PrwcF/view
Sample_MX_Video.mp4,Nudity,0.6132776141166687,images/local001-0-39-09.00.jpg,2349,https://drive.google.com/file/d/1QSocDebTBM14B9uandQqd6PAXo5PrwcF/view
Sample_MX_Video.mp4,Nudity,0.6131435632705688,images/local001-0-13-20.00.jpg,800,https://drive.google.com/file/d/1QSocDebTBM14B9uandQqd6PAXo5PrwcF/view
Sample_MX_Video.mp4,Nudity,0.6131355464458466,images/local001-0-19-51.00.jpg,1191,https://drive.google.com/file/d/1QSocDebTBM14B9uandQqd6PAXo5PrwcF/view
Sample_MX_Video.mp4,Nudity,0.6130423843860626,images/local001-0-11-44.00.jpg,704,https://drive.google.com/file/d/1QSocDebTBM14B9uandQqd6PAXo5PrwcF/view
Sample_MX_Video.mp4,Nudity,0.6127635836601257,images/local001-0-13-19.00.jpg,799,https://drive.google.com/file/d/1QSocDebTBM14B9uandQqd6PAXo5PrwcF/view
Sample_MX_Video.mp4,Nudity,0.612729549407959,images/local001-0-01-09.00.jpg,69,https://drive.google.com/file/d/1QSocDebTBM14B9uandQqd6PAXo5PrwcF/view
Sample_MX_Video.mp4,Nudity,0.6125845611095428,images/local001-0-16-36.00.jpg,996,https://drive.google.com/file/d/1QSocDebTBM14B9uandQqd6PAXo5PrwcF/view
Sample_MX_Video.mp4,Nudity,0.6124704778194427,images/local001-0-15-57.00.jpg,957,https://drive.google.com/file/d/1QSocDebTBM14B9uandQqd6PAXo5PrwcF/view
Sample_MX_Video.mp4,Nudity,0.6123724281787872,images/local001-0-00-00.00.jpg,0,https://drive.google.com/file/d/1QSocDebTBM14B9uandQqd6PAXo5PrwcF/view
Sample_MX_Video.mp4,Nudity,0.6123188734054565,images/local001-0-16-15.00.jpg,975,https://drive.google.com/file/d/1QSocDebTBM14B9uandQqd6PAXo5PrwcF/view
Sample_MX_Video.mp4,Nudity,0.6121016144752502,images/local001-0-15-54.00.jpg,954,https://drive.google.com/file/d/1QSocDebTBM14B9uandQqd6PAXo5PrwcF/view
Sample_MX_Video.mp4,Nudity,0.611993283033371,images/local001-0-13-02.00.jpg,782,https://drive.google.com/file/d/1QSocDebTBM14B9uandQqd6PAXo5PrwcF/view
Sample_MX_Video.mp4,Nudity,0.6119760274887085,images/local001-0-01-18.00.jpg,78,https://drive.google.com/file/d/1QSocDebTBM14B9uandQqd6PAXo5PrwcF/view
Sample_MX_Video.mp4,Nudity,0.611894965171814,images/local001-0-16-38.00.jpg,998,https://drive.google.com/file/d/1QSocDebTBM14B9uandQqd6PAXo5PrwcF/view
Sample_MX_Video.mp4,Nudity,0.6118888258934021,images/local001-0-12-18.00.jpg,738,https://drive.google.com/file/d/1QSocDebTBM14B9uandQqd6PAXo5PrwcF/view
Sample_MX_Video.mp4,Nudity,0.6118783354759216,images/local001-0-01-11.00.jpg,71,https://drive.google.com/file/d/1QSocDebTBM14B9uandQqd6PAXo5PrwcF/view
Sample_MX_Video.mp4,Nudity,0.6118566393852234,images/local001-0-19-17.00.jpg,1157,https://drive.google.com/file/d/1QSocDebTBM14B9uandQqd6PAXo5PrwcF/view
Sample_MX_Video.mp4,Nudity,0.6118471622467041,images/local001-0-19-31.00.jpg,1171,https://drive.google.com/file/d/1QSocDebTBM14B9uandQqd6PAXo5PrwcF/view
Sample_MX_Video.mp4,Nudity,0.6117926239967346,images/local001-0-19-14.00.jpg,1154,https://drive.google.com/file/d/1QSocDebTBM14B9uandQqd6PAXo5PrwcF/view
Sample_MX_Video.mp4,Nudity,0.6116579174995422,images/local001-0-00-17.00.jpg,17,https://drive.google.com/file/d/1QSocDebTBM14B9uandQqd6PAXo5PrwcF/view
Sample_MX_Video.mp4,Nudity,0.6116519570350647,images/local001-0-01-17.00.jpg,77,https://drive.google.com/file/d/1QSocDebTBM14B9uandQqd6PAXo5PrwcF/view
Sample_MX_Video.mp4,Nudity,0.6115961074829102,images/local001-0-19-16.00.jpg,1156,https://drive.google.com/file/d/1QSocDebTBM14B9uandQqd6PAXo5PrwcF/view
Sample_MX_Video.mp4,Nudity,0.6115665435791016,images/local001-0-40-27.00.jpg,2427,https://drive.google.com/file/d/1QSocDebTBM14B9uandQqd6PAXo5PrwcF/view
Sample_MX_Video.mp4,Nudity,0.6115021407604218,images/local001-0-01-21.00.jpg,81,https://drive.google.com/file/d/1QSocDebTBM14B9uandQqd6PAXo5PrwcF/view
Sample_MX_Video.mp4,Nudity,0.6114477813243866,images/local001-0-19-22.00.jpg,1162,https://drive.google.com/file/d/1QSocDebTBM14B9uandQqd6PAXo5PrwcF/view
Sample_MX_Video.mp4,Nudity,0.6113924086093903,images/local001-0-16-23.00.jpg,983,https://drive.google.com/file/d/1QSocDebTBM14B9uandQqd6PAXo5PrwcF/view
Sample_MX_Video.mp4,Nudity,0.611288845539093,images/local001-0-01-19.00.jpg,79,https://drive.google.com/file/d/1QSocDebTBM14B9uandQqd6PAXo5PrwcF/view
Sample_MX_Video.mp4,Nudity,0.6111205816268921,images/local001-0-20-03.00.jpg,1203,https://drive.google.com/file/d/1QSocDebTBM14B9uandQqd6PAXo5PrwcF/view
Sample_MX_Video.mp4,Nudity,0.6109739542007446,images/local001-0-17-00.00.jpg,1020,https://drive.google.com/file/d/1QSocDebTBM14B9uandQqd6PAXo5PrwcF/view
Sample_MX_Video.mp4,Nudity,0.6108750998973846,images/local001-0-08-03.00.jpg,483,https://drive.google.com/file/d/1QSocDebTBM14B9uandQqd6PAXo5PrwcF/view
Sample_MX_Video.mp4,Nudity,0.6108148097991943,images/local001-0-13-18.00.jpg,798,https://drive.google.com/file/d/1QSocDebTBM14B9uandQqd6PAXo5PrwcF/view
Sample_MX_Video.mp4,Nudity,0.6106603741645813,images/local001-0-16-49.00.jpg,1009,https://drive.google.com/file/d/1QSocDebTBM14B9uandQqd6PAXo5PrwcF/view
Sample_MX_Video.mp4,Nudity,0.6106352806091309,images/local001-0-19-45.00.jpg,1185,https://drive.google.com/file/d/1QSocDebTBM14B9uandQqd6PAXo5PrwcF/view
Sample_MX_Video.mp4,Nudity,0.610576719045639,images/local001-0-38-48.00.jpg,2328,https://drive.google.com/file/d/1QSocDebTBM14B9uandQqd6PAXo5PrwcF/view
Sample_MX_Video.mp4,Nudity,0.6104282438755035,images/local001-0-39-06.00.jpg,2346,https://drive.google.com/file/d/1QSocDebTBM14B9uandQqd6PAXo5PrwcF/view
Sample_MX_Video.mp4,Nudity,0.6104057133197784,images/local001-0-15-53.00.jpg,953,https://drive.google.com/file/d/1QSocDebTBM14B9uandQqd6PAXo5PrwcF/view
Sample_MX_Video.mp4,Nudity,0.6103719472885132,images/local001-0-16-10.00.jpg,970,https://drive.google.com/file/d/1QSocDebTBM14B9uandQqd6PAXo5PrwcF/view
Sample_MX_Video.mp4,Nudity,0.6102847456932068,images/local001-0-39-30.00.jpg,2370,https://drive.google.com/file/d/1QSocDebTBM14B9uandQqd6PAXo5PrwcF/view
Sample_MX_Video.mp4,Nudity,0.6100898385047913,images/local001-0-37-43.00.jpg,2263,https://drive.google.com/file/d/1QSocDebTBM14B9uandQqd6PAXo5PrwcF/view
Sample_MX_Video.mp4,Nudity,0.6100078821182251,images/local001-0-19-33.00.jpg,1173,https://drive.google.com/file/d/1QSocDebTBM14B9uandQqd6PAXo5PrwcF/view
Sample_MX_Video.mp4,Nudity,0.6099838316440582,images/local001-0-38-30.00.jpg,2310,https://drive.google.com/file/d/1QSocDebTBM14B9uandQqd6PAXo5PrwcF/view
