frame_filename,frame_link
kKKM8Y-u7ds-0-08-24.59.jpg,images/kKKM8Y-u7ds-0-08-24.59.jpg
3HyORmBip-w-0-01-24.00.jpg,images/3HyORmBip-w-0-01-24.00.jpg
kKKM8Y-u7ds-0-03-12.82.jpg,images/kKKM8Y-u7ds-0-03-12.82.jpg
3HyORmBip-w-0-05-44.00.jpg,images/3HyORmBip-w-0-05-44.00.jpg
3HyORmBip-w-0-04-17.00.jpg,images/3HyORmBip-w-0-04-17.00.jpg
kKKM8Y-u7ds-0-02-32.53.jpg,images/kKKM8Y-u7ds-0-02-32.53.jpg
kKKM8Y-u7ds-0-02-21.02.jpg,images/kKKM8Y-u7ds-0-02-21.02.jpg
kKKM8Y-u7ds-0-07-37.58.jpg,images/kKKM8Y-u7ds-0-07-37.58.jpg
3HyORmBip-w-0-05-27.00.jpg,images/3HyORmBip-w-0-05-27.00.jpg
3HyORmBip-w-0-00-23.00.jpg,images/3HyORmBip-w-0-00-23.00.jpg
3HyORmBip-w-0-05-14.00.jpg,images/3HyORmBip-w-0-05-14.00.jpg
kKKM8Y-u7ds-0-09-05.84.jpg,images/kKKM8Y-u7ds-0-09-05.84.jpg
3HyORmBip-w-0-01-01.00.jpg,images/3HyORmBip-w-0-01-01.00.jpg
kKKM8Y-u7ds-0-00-00.96.jpg,images/kKKM8Y-u7ds-0-00-00.96.jpg
kKKM8Y-u7ds-0-09-34.62.jpg,images/kKKM8Y-u7ds-0-09-34.62.jpg
3HyORmBip-w-0-05-00.00.jpg,images/3HyORmBip-w-0-05-00.00.jpg
kKKM8Y-u7ds-0-07-53.89.jpg,images/kKKM8Y-u7ds-0-07-53.89.jpg
kKKM8Y-u7ds-0-10-11.07.jpg,images/kKKM8Y-u7ds-0-10-11.07.jpg
kKKM8Y-u7ds-0-09-18.31.jpg,images/kKKM8Y-u7ds-0-09-18.31.jpg
3HyORmBip-w-0-01-51.00.jpg,images/3HyORmBip-w-0-01-51.00.jpg
3HyORmBip-w-0-04-28.00.jpg,images/3HyORmBip-w-0-04-28.00.jpg
3HyORmBip-w-0-02-15.00.jpg,images/3HyORmBip-w-0-02-15.00.jpg
3HyORmBip-w-0-00-10.00.jpg,images/3HyORmBip-w-0-00-10.00.jpg
kKKM8Y-u7ds-0-10-25.46.jpg,images/kKKM8Y-u7ds-0-10-25.46.jpg
kKKM8Y-u7ds-0-07-30.87.jpg,images/kKKM8Y-u7ds-0-07-30.87.jpg
kKKM8Y-u7ds-0-03-16.65.jpg,images/kKKM8Y-u7ds-0-03-16.65.jpg
kKKM8Y-u7ds-0-00-27.82.jpg,images/kKKM8Y-u7ds-0-00-27.82.jpg
kKKM8Y-u7ds-0-09-00.08.jpg,images/kKKM8Y-u7ds-0-09-00.08.jpg
kKKM8Y-u7ds-0-07-27.03.jpg,images/kKKM8Y-u7ds-0-07-27.03.jpg
kKKM8Y-u7ds-0-07-49.09.jpg,images/kKKM8Y-u7ds-0-07-49.09.jpg
kKKM8Y-u7ds-0-05-57.82.jpg,images/kKKM8Y-u7ds-0-05-57.82.jpg
3HyORmBip-w-0-03-39.00.jpg,images/3HyORmBip-w-0-03-39.00.jpg
kKKM8Y-u7ds-0-07-04.01.jpg,images/kKKM8Y-u7ds-0-07-04.01.jpg
3HyORmBip-w-0-04-59.00.jpg,images/3HyORmBip-w-0-04-59.00.jpg
3HyORmBip-w-0-05-58.00.jpg,images/3HyORmBip-w-0-05-58.00.jpg
3HyORmBip-w-0-01-53.00.jpg,images/3HyORmBip-w-0-01-53.00.jpg
kKKM8Y-u7ds-0-00-51.80.jpg,images/kKKM8Y-u7ds-0-00-51.80.jpg
kKKM8Y-u7ds-0-02-11.42.jpg,images/kKKM8Y-u7ds-0-02-11.42.jpg
3HyORmBip-w-0-01-48.00.jpg,images/3HyORmBip-w-0-01-48.00.jpg
3HyORmBip-w-0-02-25.00.jpg,images/3HyORmBip-w-0-02-25.00.jpg
kKKM8Y-u7ds-0-04-13.25.jpg,images/kKKM8Y-u7ds-0-04-13.25.jpg
3HyORmBip-w-0-05-42.00.jpg,images/3HyORmBip-w-0-05-42.00.jpg
3HyORmBip-w-0-02-17.00.jpg,images/3HyORmBip-w-0-02-17.00.jpg
kKKM8Y-u7ds-0-08-01.56.jpg,images/kKKM8Y-u7ds-0-08-01.56.jpg
kKKM8Y-u7ds-0-01-57.03.jpg,images/kKKM8Y-u7ds-0-01-57.03.jpg
kKKM8Y-u7ds-0-05-28.08.jpg,images/kKKM8Y-u7ds-0-05-28.08.jpg
3HyORmBip-w-0-03-09.00.jpg,images/3HyORmBip-w-0-03-09.00.jpg
kKKM8Y-u7ds-0-08-51.45.jpg,images/kKKM8Y-u7ds-0-08-51.45.jpg
kKKM8Y-u7ds-0-06-08.37.jpg,images/kKKM8Y-u7ds-0-06-08.37.jpg
3HyORmBip-w-0-00-06.00.jpg,images/3HyORmBip-w-0-00-06.00.jpg
kKKM8Y-u7ds-0-05-53.02.jpg,images/kKKM8Y-u7ds-0-05-53.02.jpg
kKKM8Y-u7ds-0-00-36.45.jpg,images/kKKM8Y-u7ds-0-00-36.45.jpg
kKKM8Y-u7ds-0-05-02.18.jpg,images/kKKM8Y-u7ds-0-05-02.18.jpg
kKKM8Y-u7ds-0-07-56.77.jpg,images/kKKM8Y-u7ds-0-07-56.77.jpg
kKKM8Y-u7ds-0-00-39.33.jpg,images/kKKM8Y-u7ds-0-00-39.33.jpg
3HyORmBip-w-0-05-15.00.jpg,images/3HyORmBip-w-0-05-15.00.jpg
kKKM8Y-u7ds-0-02-23.89.jpg,images/kKKM8Y-u7ds-0-02-23.89.jpg
kKKM8Y-u7ds-0-01-33.05.jpg,images/kKKM8Y-u7ds-0-01-33.05.jpg
3HyORmBip-w-0-02-33.00.jpg,images/3HyORmBip-w-0-02-33.00.jpg
kKKM8Y-u7ds-0-08-15.95.jpg,images/kKKM8Y-u7ds-0-08-15.95.jpg
kKKM8Y-u7ds-0-08-45.69.jpg,images/kKKM8Y-u7ds-0-08-45.69.jpg
kKKM8Y-u7ds-0-04-44.91.jpg,images/kKKM8Y-u7ds-0-04-44.91.jpg
kKKM8Y-u7ds-0-07-16.48.jpg,images/kKKM8Y-u7ds-0-07-16.48.jpg
kKKM8Y-u7ds-0-06-27.55.jpg,images/kKKM8Y-u7ds-0-06-27.55.jpg
kKKM8Y-u7ds-0-04-37.24.jpg,images/kKKM8Y-u7ds-0-04-37.24.jpg
3HyORmBip-w-0-04-14.00.jpg,images/3HyORmBip-w-0-04-14.00.jpg
kKKM8Y-u7ds-0-01-09.07.jpg,images/kKKM8Y-u7ds-0-01-09.07.jpg
kKKM8Y-u7ds-0-09-53.80.jpg,images/kKKM8Y-u7ds-0-09-53.80.jpg
3HyORmBip-w-0-03-53.00.jpg,images/3HyORmBip-w-0-03-53.00.jpg
kKKM8Y-u7ds-0-01-06.19.jpg,images/kKKM8Y-u7ds-0-01-06.19.jpg
kKKM8Y-u7ds-0-00-16.31.jpg,images/kKKM8Y-u7ds-0-00-16.31.jpg
kKKM8Y-u7ds-0-06-23.72.jpg,images/kKKM8Y-u7ds-0-06-23.72.jpg
kKKM8Y-u7ds-0-07-23.19.jpg,images/kKKM8Y-u7ds-0-07-23.19.jpg
3HyORmBip-w-0-03-04.00.jpg,images/3HyORmBip-w-0-03-04.00.jpg
kKKM8Y-u7ds-0-03-54.07.jpg,images/kKKM8Y-u7ds-0-03-54.07.jpg
3HyORmBip-w-0-05-22.00.jpg,images/3HyORmBip-w-0-05-22.00.jpg
kKKM8Y-u7ds-0-02-02.79.jpg,images/kKKM8Y-u7ds-0-02-02.79.jpg
kKKM8Y-u7ds-0-08-09.24.jpg,images/kKKM8Y-u7ds-0-08-09.24.jpg
kKKM8Y-u7ds-0-08-12.12.jpg,images/kKKM8Y-u7ds-0-08-12.12.jpg
3HyORmBip-w-0-03-01.00.jpg,images/3HyORmBip-w-0-03-01.00.jpg
kKKM8Y-u7ds-0-01-59.91.jpg,images/kKKM8Y-u7ds-0-01-59.91.jpg
kKKM8Y-u7ds-0-09-23.10.jpg,images/kKKM8Y-u7ds-0-09-23.10.jpg
kKKM8Y-u7ds-0-00-50.84.jpg,images/kKKM8Y-u7ds-0-00-50.84.jpg
kKKM8Y-u7ds-0-06-41.94.jpg,images/kKKM8Y-u7ds-0-06-41.94.jpg
kKKM8Y-u7ds-0-01-00.44.jpg,images/kKKM8Y-u7ds-0-01-00.44.jpg
kKKM8Y-u7ds-0-10-44.64.jpg,images/kKKM8Y-u7ds-0-10-44.64.jpg
kKKM8Y-u7ds-0-10-37.93.jpg,images/kKKM8Y-u7ds-0-10-37.93.jpg
3HyORmBip-w-0-05-57.00.jpg,images/3HyORmBip-w-0-05-57.00.jpg
kKKM8Y-u7ds-0-10-09.15.jpg,images/kKKM8Y-u7ds-0-10-09.15.jpg
kKKM8Y-u7ds-0-08-55.28.jpg,images/kKKM8Y-u7ds-0-08-55.28.jpg
kKKM8Y-u7ds-0-00-04.80.jpg,images/kKKM8Y-u7ds-0-00-04.80.jpg
kKKM8Y-u7ds-0-06-01.65.jpg,images/kKKM8Y-u7ds-0-06-01.65.jpg
kKKM8Y-u7ds-0-10-12.03.jpg,images/kKKM8Y-u7ds-0-10-12.03.jpg
3HyORmBip-w-0-04-02.00.jpg,images/3HyORmBip-w-0-04-02.00.jpg
kKKM8Y-u7ds-0-09-52.84.jpg,images/kKKM8Y-u7ds-0-09-52.84.jpg
kKKM8Y-u7ds-0-01-54.16.jpg,images/kKKM8Y-u7ds-0-01-54.16.jpg
3HyORmBip-w-0-03-37.00.jpg,images/3HyORmBip-w-0-03-37.00.jpg
3HyORmBip-w-0-00-04.00.jpg,images/3HyORmBip-w-0-00-04.00.jpg
3HyORmBip-w-0-01-32.00.jpg,images/3HyORmBip-w-0-01-32.00.jpg
3HyORmBip-w-0-04-32.00.jpg,images/3HyORmBip-w-0-04-32.00.jpg
kKKM8Y-u7ds-0-02-44.04.jpg,images/kKKM8Y-u7ds-0-02-44.04.jpg
kKKM8Y-u7ds-0-08-37.06.jpg,images/kKKM8Y-u7ds-0-08-37.06.jpg
kKKM8Y-u7ds-0-09-25.02.jpg,images/kKKM8Y-u7ds-0-09-25.02.jpg
kKKM8Y-u7ds-0-00-25.90.jpg,images/kKKM8Y-u7ds-0-00-25.90.jpg
kKKM8Y-u7ds-0-04-07.50.jpg,images/kKKM8Y-u7ds-0-04-07.50.jpg
3HyORmBip-w-0-00-54.00.jpg,images/3HyORmBip-w-0-00-54.00.jpg
3HyORmBip-w-0-01-05.00.jpg,images/3HyORmBip-w-0-01-05.00.jpg
3HyORmBip-w-0-02-53.00.jpg,images/3HyORmBip-w-0-02-53.00.jpg
3HyORmBip-w-0-03-18.00.jpg,images/3HyORmBip-w-0-03-18.00.jpg
kKKM8Y-u7ds-0-01-52.24.jpg,images/kKKM8Y-u7ds-0-01-52.24.jpg
kKKM8Y-u7ds-0-03-44.47.jpg,images/kKKM8Y-u7ds-0-03-44.47.jpg
3HyORmBip-w-0-01-18.00.jpg,images/3HyORmBip-w-0-01-18.00.jpg
3HyORmBip-w-0-02-35.00.jpg,images/3HyORmBip-w-0-02-35.00.jpg
kKKM8Y-u7ds-0-10-55.20.jpg,images/kKKM8Y-u7ds-0-10-55.20.jpg
3HyORmBip-w-0-05-36.00.jpg,images/3HyORmBip-w-0-05-36.00.jpg
3HyORmBip-w-0-02-28.00.jpg,images/3HyORmBip-w-0-02-28.00.jpg
3HyORmBip-w-0-03-59.00.jpg,images/3HyORmBip-w-0-03-59.00.jpg
kKKM8Y-u7ds-0-00-45.09.jpg,images/kKKM8Y-u7ds-0-00-45.09.jpg
3HyORmBip-w-0-00-11.00.jpg,images/3HyORmBip-w-0-00-11.00.jpg
3HyORmBip-w-0-05-39.00.jpg,images/3HyORmBip-w-0-05-39.00.jpg
kKKM8Y-u7ds-0-00-54.68.jpg,images/kKKM8Y-u7ds-0-00-54.68.jpg
3HyORmBip-w-0-05-12.00.jpg,images/3HyORmBip-w-0-05-12.00.jpg
kKKM8Y-u7ds-0-02-47.88.jpg,images/kKKM8Y-u7ds-0-02-47.88.jpg
kKKM8Y-u7ds-0-08-29.38.jpg,images/kKKM8Y-u7ds-0-08-29.38.jpg
3HyORmBip-w-0-01-20.00.jpg,images/3HyORmBip-w-0-01-20.00.jpg
3HyORmBip-w-0-01-31.00.jpg,images/3HyORmBip-w-0-01-31.00.jpg
kKKM8Y-u7ds-0-09-20.23.jpg,images/kKKM8Y-u7ds-0-09-20.23.jpg
kKKM8Y-u7ds-0-08-40.90.jpg,images/kKKM8Y-u7ds-0-08-40.90.jpg
kKKM8Y-u7ds-0-09-39.41.jpg,images/kKKM8Y-u7ds-0-09-39.41.jpg
kKKM8Y-u7ds-0-07-10.72.jpg,images/kKKM8Y-u7ds-0-07-10.72.jpg
kKKM8Y-u7ds-0-06-13.16.jpg,images/kKKM8Y-u7ds-0-06-13.16.jpg
kKKM8Y-u7ds-0-10-30.25.jpg,images/kKKM8Y-u7ds-0-10-30.25.jpg
3HyORmBip-w-0-05-18.00.jpg,images/3HyORmBip-w-0-05-18.00.jpg
kKKM8Y-u7ds-0-00-02.88.jpg,images/kKKM8Y-u7ds-0-00-02.88.jpg
3HyORmBip-w-0-03-14.00.jpg,images/3HyORmBip-w-0-03-14.00.jpg
3HyORmBip-w-0-00-49.00.jpg,images/3HyORmBip-w-0-00-49.00.jpg
3HyORmBip-w-0-03-15.00.jpg,images/3HyORmBip-w-0-03-15.00.jpg
3HyORmBip-w-0-05-54.00.jpg,images/3HyORmBip-w-0-05-54.00.jpg
kKKM8Y-u7ds-0-02-01.83.jpg,images/kKKM8Y-u7ds-0-02-01.83.jpg
3HyORmBip-w-0-02-37.00.jpg,images/3HyORmBip-w-0-02-37.00.jpg
3HyORmBip-w-0-04-16.00.jpg,images/3HyORmBip-w-0-04-16.00.jpg
3HyORmBip-w-0-02-51.00.jpg,images/3HyORmBip-w-0-02-51.00.jpg
kKKM8Y-u7ds-0-08-59.12.jpg,images/kKKM8Y-u7ds-0-08-59.12.jpg
kKKM8Y-u7ds-0-02-29.65.jpg,images/kKKM8Y-u7ds-0-02-29.65.jpg
3HyORmBip-w-0-00-13.00.jpg,images/3HyORmBip-w-0-00-13.00.jpg
kKKM8Y-u7ds-0-08-39.94.jpg,images/kKKM8Y-u7ds-0-08-39.94.jpg
kKKM8Y-u7ds-0-05-38.63.jpg,images/kKKM8Y-u7ds-0-05-38.63.jpg
3HyORmBip-w-0-00-57.00.jpg,images/3HyORmBip-w-0-00-57.00.jpg
kKKM8Y-u7ds-0-07-19.36.jpg,images/kKKM8Y-u7ds-0-07-19.36.jpg
3HyORmBip-w-0-04-21.00.jpg,images/3HyORmBip-w-0-04-21.00.jpg
kKKM8Y-u7ds-0-00-37.41.jpg,images/kKKM8Y-u7ds-0-00-37.41.jpg
kKKM8Y-u7ds-0-03-35.84.jpg,images/kKKM8Y-u7ds-0-03-35.84.jpg
3HyORmBip-w-0-04-06.00.jpg,images/3HyORmBip-w-0-04-06.00.jpg
kKKM8Y-u7ds-0-02-03.75.jpg,images/kKKM8Y-u7ds-0-02-03.75.jpg
kKKM8Y-u7ds-0-06-20.84.jpg,images/kKKM8Y-u7ds-0-06-20.84.jpg
3HyORmBip-w-0-03-54.00.jpg,images/3HyORmBip-w-0-03-54.00.jpg
3HyORmBip-w-0-05-59.00.jpg,images/3HyORmBip-w-0-05-59.00.jpg
kKKM8Y-u7ds-0-04-02.70.jpg,images/kKKM8Y-u7ds-0-04-02.70.jpg
3HyORmBip-w-0-05-10.00.jpg,images/3HyORmBip-w-0-05-10.00.jpg
3HyORmBip-w-0-04-30.00.jpg,images/3HyORmBip-w-0-04-30.00.jpg
kKKM8Y-u7ds-0-01-23.46.jpg,images/kKKM8Y-u7ds-0-01-23.46.jpg
kKKM8Y-u7ds-0-09-26.94.jpg,images/kKKM8Y-u7ds-0-09-26.94.jpg
kKKM8Y-u7ds-0-04-11.33.jpg,images/kKKM8Y-u7ds-0-04-11.33.jpg
kKKM8Y-u7ds-0-10-46.56.jpg,images/kKKM8Y-u7ds-0-10-46.56.jpg
3HyORmBip-w-0-05-19.00.jpg,images/3HyORmBip-w-0-05-19.00.jpg
kKKM8Y-u7ds-0-00-55.64.jpg,images/kKKM8Y-u7ds-0-00-55.64.jpg
3HyORmBip-w-0-04-27.00.jpg,images/3HyORmBip-w-0-04-27.00.jpg
kKKM8Y-u7ds-0-09-31.74.jpg,images/kKKM8Y-u7ds-0-09-31.74.jpg
kKKM8Y-u7ds-0-02-27.73.jpg,images/kKKM8Y-u7ds-0-02-27.73.jpg
kKKM8Y-u7ds-0-01-27.30.jpg,images/kKKM8Y-u7ds-0-01-27.30.jpg
3HyORmBip-w-0-00-07.00.jpg,images/3HyORmBip-w-0-00-07.00.jpg
kKKM8Y-u7ds-0-00-22.06.jpg,images/kKKM8Y-u7ds-0-00-22.06.jpg
kKKM8Y-u7ds-0-04-51.62.jpg,images/kKKM8Y-u7ds-0-04-51.62.jpg
kKKM8Y-u7ds-0-02-43.08.jpg,images/kKKM8Y-u7ds-0-02-43.08.jpg
3HyORmBip-w-0-04-22.00.jpg,images/3HyORmBip-w-0-04-22.00.jpg
kKKM8Y-u7ds-0-09-42.29.jpg,images/kKKM8Y-u7ds-0-09-42.29.jpg
3HyORmBip-w-0-03-29.00.jpg,images/3HyORmBip-w-0-03-29.00.jpg
kKKM8Y-u7ds-0-06-30.43.jpg,images/kKKM8Y-u7ds-0-06-30.43.jpg
kKKM8Y-u7ds-0-07-17.44.jpg,images/kKKM8Y-u7ds-0-07-17.44.jpg
kKKM8Y-u7ds-0-02-42.12.jpg,images/kKKM8Y-u7ds-0-02-42.12.jpg
kKKM8Y-u7ds-0-07-24.15.jpg,images/kKKM8Y-u7ds-0-07-24.15.jpg
kKKM8Y-u7ds-0-02-52.67.jpg,images/kKKM8Y-u7ds-0-02-52.67.jpg
kKKM8Y-u7ds-0-07-25.11.jpg,images/kKKM8Y-u7ds-0-07-25.11.jpg
3HyORmBip-w-0-00-31.00.jpg,images/3HyORmBip-w-0-00-31.00.jpg
3HyORmBip-w-0-04-50.00.jpg,images/3HyORmBip-w-0-04-50.00.jpg
kKKM8Y-u7ds-0-04-41.07.jpg,images/kKKM8Y-u7ds-0-04-41.07.jpg
kKKM8Y-u7ds-0-06-06.45.jpg,images/kKKM8Y-u7ds-0-06-06.45.jpg
3HyORmBip-w-0-02-55.00.jpg,images/3HyORmBip-w-0-02-55.00.jpg
kKKM8Y-u7ds-0-09-02.96.jpg,images/kKKM8Y-u7ds-0-09-02.96.jpg
kKKM8Y-u7ds-0-07-02.09.jpg,images/kKKM8Y-u7ds-0-07-02.09.jpg
kKKM8Y-u7ds-0-10-24.50.jpg,images/kKKM8Y-u7ds-0-10-24.50.jpg
kKKM8Y-u7ds-0-08-07.32.jpg,images/kKKM8Y-u7ds-0-08-07.32.jpg
kKKM8Y-u7ds-0-07-52.93.jpg,images/kKKM8Y-u7ds-0-07-52.93.jpg
3HyORmBip-w-0-03-13.00.jpg,images/3HyORmBip-w-0-03-13.00.jpg
3HyORmBip-w-0-02-40.00.jpg,images/3HyORmBip-w-0-02-40.00.jpg
3HyORmBip-w-0-02-03.00.jpg,images/3HyORmBip-w-0-02-03.00.jpg
kKKM8Y-u7ds-0-08-11.16.jpg,images/kKKM8Y-u7ds-0-08-11.16.jpg
3HyORmBip-w-0-03-05.00.jpg,images/3HyORmBip-w-0-03-05.00.jpg
kKKM8Y-u7ds-0-05-22.32.jpg,images/kKKM8Y-u7ds-0-05-22.32.jpg
kKKM8Y-u7ds-0-00-18.23.jpg,images/kKKM8Y-u7ds-0-00-18.23.jpg
kKKM8Y-u7ds-0-04-10.38.jpg,images/kKKM8Y-u7ds-0-04-10.38.jpg
kKKM8Y-u7ds-0-06-32.35.jpg,images/kKKM8Y-u7ds-0-06-32.35.jpg
kKKM8Y-u7ds-0-08-34.18.jpg,images/kKKM8Y-u7ds-0-08-34.18.jpg
kKKM8Y-u7ds-0-04-57.38.jpg,images/kKKM8Y-u7ds-0-04-57.38.jpg
3HyORmBip-w-0-01-52.00.jpg,images/3HyORmBip-w-0-01-52.00.jpg
kKKM8Y-u7ds-0-02-51.71.jpg,images/kKKM8Y-u7ds-0-02-51.71.jpg
kKKM8Y-u7ds-0-01-31.13.jpg,images/kKKM8Y-u7ds-0-01-31.13.jpg
kKKM8Y-u7ds-0-06-15.08.jpg,images/kKKM8Y-u7ds-0-06-15.08.jpg
kKKM8Y-u7ds-0-00-52.76.jpg,images/kKKM8Y-u7ds-0-00-52.76.jpg
3HyORmBip-w-0-03-55.00.jpg,images/3HyORmBip-w-0-03-55.00.jpg
3HyORmBip-w-0-05-40.00.jpg,images/3HyORmBip-w-0-05-40.00.jpg
kKKM8Y-u7ds-0-01-58.95.jpg,images/kKKM8Y-u7ds-0-01-58.95.jpg
kKKM8Y-u7ds-0-05-23.28.jpg,images/kKKM8Y-u7ds-0-05-23.28.jpg
3HyORmBip-w-0-02-39.00.jpg,images/3HyORmBip-w-0-02-39.00.jpg
kKKM8Y-u7ds-0-01-01.39.jpg,images/kKKM8Y-u7ds-0-01-01.39.jpg
3HyORmBip-w-0-00-48.00.jpg,images/3HyORmBip-w-0-00-48.00.jpg
kKKM8Y-u7ds-0-06-53.45.jpg,images/kKKM8Y-u7ds-0-06-53.45.jpg
3HyORmBip-w-0-04-35.00.jpg,images/3HyORmBip-w-0-04-35.00.jpg
3HyORmBip-w-0-01-50.00.jpg,images/3HyORmBip-w-0-01-50.00.jpg
kKKM8Y-u7ds-0-09-47.09.jpg,images/kKKM8Y-u7ds-0-09-47.09.jpg
3HyORmBip-w-0-01-10.00.jpg,images/3HyORmBip-w-0-01-10.00.jpg
kKKM8Y-u7ds-0-06-52.50.jpg,images/kKKM8Y-u7ds-0-06-52.50.jpg
3HyORmBip-w-0-04-55.00.jpg,images/3HyORmBip-w-0-04-55.00.jpg
kKKM8Y-u7ds-0-07-01.13.jpg,images/kKKM8Y-u7ds-0-07-01.13.jpg
kKKM8Y-u7ds-0-09-44.21.jpg,images/kKKM8Y-u7ds-0-09-44.21.jpg
kKKM8Y-u7ds-0-03-06.10.jpg,images/kKKM8Y-u7ds-0-03-06.10.jpg
kKKM8Y-u7ds-0-05-15.61.jpg,images/kKKM8Y-u7ds-0-05-15.61.jpg
kKKM8Y-u7ds-0-08-42.81.jpg,images/kKKM8Y-u7ds-0-08-42.81.jpg
3HyORmBip-w-0-02-41.00.jpg,images/3HyORmBip-w-0-02-41.00.jpg
3HyORmBip-w-0-01-09.00.jpg,images/3HyORmBip-w-0-01-09.00.jpg
kKKM8Y-u7ds-0-00-47.01.jpg,images/kKKM8Y-u7ds-0-00-47.01.jpg
kKKM8Y-u7ds-0-05-04.10.jpg,images/kKKM8Y-u7ds-0-05-04.10.jpg
3HyORmBip-w-0-04-40.00.jpg,images/3HyORmBip-w-0-04-40.00.jpg
3HyORmBip-w-0-03-03.00.jpg,images/3HyORmBip-w-0-03-03.00.jpg
kKKM8Y-u7ds-0-05-42.47.jpg,images/kKKM8Y-u7ds-0-05-42.47.jpg
3HyORmBip-w-0-01-46.00.jpg,images/3HyORmBip-w-0-01-46.00.jpg
kKKM8Y-u7ds-0-02-06.63.jpg,images/kKKM8Y-u7ds-0-02-06.63.jpg
3HyORmBip-w-0-04-34.00.jpg,images/3HyORmBip-w-0-04-34.00.jpg
kKKM8Y-u7ds-0-03-28.17.jpg,images/kKKM8Y-u7ds-0-03-28.17.jpg
3HyORmBip-w-0-04-44.00.jpg,images/3HyORmBip-w-0-04-44.00.jpg
kKKM8Y-u7ds-0-07-00.17.jpg,images/kKKM8Y-u7ds-0-07-00.17.jpg
kKKM8Y-u7ds-0-04-53.54.jpg,images/kKKM8Y-u7ds-0-04-53.54.jpg
kKKM8Y-u7ds-0-10-03.39.jpg,images/kKKM8Y-u7ds-0-10-03.39.jpg
kKKM8Y-u7ds-0-02-58.43.jpg,images/kKKM8Y-u7ds-0-02-58.43.jpg
kKKM8Y-u7ds-0-09-50.92.jpg,images/kKKM8Y-u7ds-0-09-50.92.jpg
kKKM8Y-u7ds-0-01-34.01.jpg,images/kKKM8Y-u7ds-0-01-34.01.jpg
kKKM8Y-u7ds-0-10-01.48.jpg,images/kKKM8Y-u7ds-0-10-01.48.jpg
kKKM8Y-u7ds-0-04-27.64.jpg,images/kKKM8Y-u7ds-0-04-27.64.jpg
3HyORmBip-w-0-03-16.00.jpg,images/3HyORmBip-w-0-03-16.00.jpg
kKKM8Y-u7ds-0-01-20.58.jpg,images/kKKM8Y-u7ds-0-01-20.58.jpg
kKKM8Y-u7ds-0-08-32.26.jpg,images/kKKM8Y-u7ds-0-08-32.26.jpg
kKKM8Y-u7ds-0-07-39.50.jpg,images/kKKM8Y-u7ds-0-07-39.50.jpg
kKKM8Y-u7ds-0-06-33.31.jpg,images/kKKM8Y-u7ds-0-06-33.31.jpg
3HyORmBip-w-0-03-49.00.jpg,images/3HyORmBip-w-0-03-49.00.jpg
kKKM8Y-u7ds-0-05-54.94.jpg,images/kKKM8Y-u7ds-0-05-54.94.jpg
kKKM8Y-u7ds-0-06-58.25.jpg,images/kKKM8Y-u7ds-0-06-58.25.jpg
3HyORmBip-w-0-04-45.00.jpg,images/3HyORmBip-w-0-04-45.00.jpg
kKKM8Y-u7ds-0-01-10.03.jpg,images/kKKM8Y-u7ds-0-01-10.03.jpg
kKKM8Y-u7ds-0-06-11.25.jpg,images/kKKM8Y-u7ds-0-06-11.25.jpg
3HyORmBip-w-0-04-19.00.jpg,images/3HyORmBip-w-0-04-19.00.jpg
kKKM8Y-u7ds-0-04-47.79.jpg,images/kKKM8Y-u7ds-0-04-47.79.jpg
3HyORmBip-w-0-01-15.00.jpg,images/3HyORmBip-w-0-01-15.00.jpg
kKKM8Y-u7ds-0-10-33.13.jpg,images/kKKM8Y-u7ds-0-10-33.13.jpg
3HyORmBip-w-0-05-04.00.jpg,images/3HyORmBip-w-0-05-04.00.jpg
kKKM8Y-u7ds-0-06-18.92.jpg,images/kKKM8Y-u7ds-0-06-18.92.jpg
kKKM8Y-u7ds-0-10-53.28.jpg,images/kKKM8Y-u7ds-0-10-53.28.jpg
kKKM8Y-u7ds-0-06-07.41.jpg,images/kKKM8Y-u7ds-0-06-07.41.jpg
3HyORmBip-w-0-02-43.00.jpg,images/3HyORmBip-w-0-02-43.00.jpg
3HyORmBip-w-0-02-45.00.jpg,images/3HyORmBip-w-0-02-45.00.jpg
kKKM8Y-u7ds-0-05-51.10.jpg,images/kKKM8Y-u7ds-0-05-51.10.jpg
3HyORmBip-w-0-03-26.00.jpg,images/3HyORmBip-w-0-03-26.00.jpg
kKKM8Y-u7ds-0-00-44.13.jpg,images/kKKM8Y-u7ds-0-00-44.13.jpg
3HyORmBip-w-0-00-08.00.jpg,images/3HyORmBip-w-0-00-08.00.jpg
3HyORmBip-w-0-05-50.00.jpg,images/3HyORmBip-w-0-05-50.00.jpg
kKKM8Y-u7ds-0-09-57.64.jpg,images/kKKM8Y-u7ds-0-09-57.64.jpg
kKKM8Y-u7ds-0-04-43.95.jpg,images/kKKM8Y-u7ds-0-04-43.95.jpg
kKKM8Y-u7ds-0-09-32.70.jpg,images/kKKM8Y-u7ds-0-09-32.70.jpg
kKKM8Y-u7ds-0-10-49.44.jpg,images/kKKM8Y-u7ds-0-10-49.44.jpg
kKKM8Y-u7ds-0-10-54.24.jpg,images/kKKM8Y-u7ds-0-10-54.24.jpg
kKKM8Y-u7ds-0-07-38.54.jpg,images/kKKM8Y-u7ds-0-07-38.54.jpg
3HyORmBip-w-0-00-02.00.jpg,images/3HyORmBip-w-0-00-02.00.jpg
3HyORmBip-w-0-05-43.00.jpg,images/3HyORmBip-w-0-05-43.00.jpg
kKKM8Y-u7ds-0-10-07.23.jpg,images/kKKM8Y-u7ds-0-10-07.23.jpg
kKKM8Y-u7ds-0-03-19.53.jpg,images/kKKM8Y-u7ds-0-03-19.53.jpg
kKKM8Y-u7ds-0-01-36.89.jpg,images/kKKM8Y-u7ds-0-01-36.89.jpg
kKKM8Y-u7ds-0-04-01.74.jpg,images/kKKM8Y-u7ds-0-04-01.74.jpg
3HyORmBip-w-0-05-34.00.jpg,images/3HyORmBip-w-0-05-34.00.jpg
3HyORmBip-w-0-01-45.00.jpg,images/3HyORmBip-w-0-01-45.00.jpg
kKKM8Y-u7ds-0-02-38.28.jpg,images/kKKM8Y-u7ds-0-02-38.28.jpg
3HyORmBip-w-0-02-21.00.jpg,images/3HyORmBip-w-0-02-21.00.jpg
kKKM8Y-u7ds-0-04-15.17.jpg,images/kKKM8Y-u7ds-0-04-15.17.jpg
kKKM8Y-u7ds-0-07-20.31.jpg,images/kKKM8Y-u7ds-0-07-20.31.jpg
kKKM8Y-u7ds-0-10-31.21.jpg,images/kKKM8Y-u7ds-0-10-31.21.jpg
kKKM8Y-u7ds-0-01-47.44.jpg,images/kKKM8Y-u7ds-0-01-47.44.jpg
kKKM8Y-u7ds-0-01-44.56.jpg,images/kKKM8Y-u7ds-0-01-44.56.jpg
3HyORmBip-w-0-01-26.00.jpg,images/3HyORmBip-w-0-01-26.00.jpg
3HyORmBip-w-0-01-54.00.jpg,images/3HyORmBip-w-0-01-54.00.jpg
kKKM8Y-u7ds-0-01-39.77.jpg,images/kKKM8Y-u7ds-0-01-39.77.jpg
kKKM8Y-u7ds-0-07-08.80.jpg,images/kKKM8Y-u7ds-0-07-08.80.jpg
3HyORmBip-w-0-05-02.00.jpg,images/3HyORmBip-w-0-05-02.00.jpg
kKKM8Y-u7ds-0-07-21.27.jpg,images/kKKM8Y-u7ds-0-07-21.27.jpg
3HyORmBip-w-0-02-42.00.jpg,images/3HyORmBip-w-0-02-42.00.jpg
kKKM8Y-u7ds-0-03-08.98.jpg,images/kKKM8Y-u7ds-0-03-08.98.jpg
3HyORmBip-w-0-04-09.00.jpg,images/3HyORmBip-w-0-04-09.00.jpg
kKKM8Y-u7ds-0-10-12.99.jpg,images/kKKM8Y-u7ds-0-10-12.99.jpg
3HyORmBip-w-0-02-47.00.jpg,images/3HyORmBip-w-0-02-47.00.jpg
3HyORmBip-w-0-00-37.00.jpg,images/3HyORmBip-w-0-00-37.00.jpg
3HyORmBip-w-0-04-01.00.jpg,images/3HyORmBip-w-0-04-01.00.jpg
3HyORmBip-w-0-04-39.00.jpg,images/3HyORmBip-w-0-04-39.00.jpg
3HyORmBip-w-0-05-11.00.jpg,images/3HyORmBip-w-0-05-11.00.jpg
3HyORmBip-w-0-00-21.00.jpg,images/3HyORmBip-w-0-00-21.00.jpg
kKKM8Y-u7ds-0-00-38.37.jpg,images/kKKM8Y-u7ds-0-00-38.37.jpg
3HyORmBip-w-0-03-38.00.jpg,images/3HyORmBip-w-0-03-38.00.jpg
kKKM8Y-u7ds-0-09-36.53.jpg,images/kKKM8Y-u7ds-0-09-36.53.jpg
kKKM8Y-u7ds-0-04-04.62.jpg,images/kKKM8Y-u7ds-0-04-04.62.jpg
kKKM8Y-u7ds-0-10-26.42.jpg,images/kKKM8Y-u7ds-0-10-26.42.jpg
3HyORmBip-w-0-00-44.00.jpg,images/3HyORmBip-w-0-00-44.00.jpg
kKKM8Y-u7ds-0-10-28.34.jpg,images/kKKM8Y-u7ds-0-10-28.34.jpg
kKKM8Y-u7ds-0-09-56.68.jpg,images/kKKM8Y-u7ds-0-09-56.68.jpg
kKKM8Y-u7ds-0-02-21.98.jpg,images/kKKM8Y-u7ds-0-02-21.98.jpg
3HyORmBip-w-0-06-00.00.jpg,images/3HyORmBip-w-0-06-00.00.jpg
kKKM8Y-u7ds-0-06-28.51.jpg,images/kKKM8Y-u7ds-0-06-28.51.jpg
kKKM8Y-u7ds-0-09-28.86.jpg,images/kKKM8Y-u7ds-0-09-28.86.jpg
kKKM8Y-u7ds-0-06-54.41.jpg,images/kKKM8Y-u7ds-0-06-54.41.jpg
kKKM8Y-u7ds-0-04-05.58.jpg,images/kKKM8Y-u7ds-0-04-05.58.jpg
kKKM8Y-u7ds-0-08-41.85.jpg,images/kKKM8Y-u7ds-0-08-41.85.jpg
kKKM8Y-u7ds-0-03-52.15.jpg,images/kKKM8Y-u7ds-0-03-52.15.jpg
kKKM8Y-u7ds-0-01-46.48.jpg,images/kKKM8Y-u7ds-0-01-46.48.jpg
kKKM8Y-u7ds-0-09-59.56.jpg,images/kKKM8Y-u7ds-0-09-59.56.jpg
kKKM8Y-u7ds-0-01-16.74.jpg,images/kKKM8Y-u7ds-0-01-16.74.jpg
3HyORmBip-w-0-02-49.00.jpg,images/3HyORmBip-w-0-02-49.00.jpg
3HyORmBip-w-0-01-43.00.jpg,images/3HyORmBip-w-0-01-43.00.jpg
kKKM8Y-u7ds-0-08-57.20.jpg,images/kKKM8Y-u7ds-0-08-57.20.jpg
kKKM8Y-u7ds-0-00-48.92.jpg,images/kKKM8Y-u7ds-0-00-48.92.jpg
3HyORmBip-w-0-02-06.00.jpg,images/3HyORmBip-w-0-02-06.00.jpg
kKKM8Y-u7ds-0-07-51.01.jpg,images/kKKM8Y-u7ds-0-07-51.01.jpg
3HyORmBip-w-0-04-20.00.jpg,images/3HyORmBip-w-0-04-20.00.jpg
3HyORmBip-w-0-01-06.00.jpg,images/3HyORmBip-w-0-01-06.00.jpg
kKKM8Y-u7ds-0-00-41.25.jpg,images/kKKM8Y-u7ds-0-00-41.25.jpg
kKKM8Y-u7ds-0-06-19.88.jpg,images/kKKM8Y-u7ds-0-06-19.88.jpg
kKKM8Y-u7ds-0-04-06.54.jpg,images/kKKM8Y-u7ds-0-04-06.54.jpg
kKKM8Y-u7ds-0-03-42.56.jpg,images/kKKM8Y-u7ds-0-03-42.56.jpg
3HyORmBip-w-0-05-41.00.jpg,images/3HyORmBip-w-0-05-41.00.jpg
kKKM8Y-u7ds-0-05-16.57.jpg,images/kKKM8Y-u7ds-0-05-16.57.jpg
kKKM8Y-u7ds-0-09-27.90.jpg,images/kKKM8Y-u7ds-0-09-27.90.jpg
kKKM8Y-u7ds-0-05-30.96.jpg,images/kKKM8Y-u7ds-0-05-30.96.jpg
kKKM8Y-u7ds-0-06-40.02.jpg,images/kKKM8Y-u7ds-0-06-40.02.jpg
3HyORmBip-w-0-02-36.00.jpg,images/3HyORmBip-w-0-02-36.00.jpg
3HyORmBip-w-0-02-23.00.jpg,images/3HyORmBip-w-0-02-23.00.jpg
3HyORmBip-w-0-03-25.00.jpg,images/3HyORmBip-w-0-03-25.00.jpg
3HyORmBip-w-0-03-52.00.jpg,images/3HyORmBip-w-0-03-52.00.jpg
kKKM8Y-u7ds-0-05-58.78.jpg,images/kKKM8Y-u7ds-0-05-58.78.jpg
kKKM8Y-u7ds-0-05-06.97.jpg,images/kKKM8Y-u7ds-0-05-06.97.jpg
kKKM8Y-u7ds-0-03-56.95.jpg,images/kKKM8Y-u7ds-0-03-56.95.jpg
3HyORmBip-w-0-03-36.00.jpg,images/3HyORmBip-w-0-03-36.00.jpg
kKKM8Y-u7ds-0-06-36.19.jpg,images/kKKM8Y-u7ds-0-06-36.19.jpg
kKKM8Y-u7ds-0-10-29.30.jpg,images/kKKM8Y-u7ds-0-10-29.30.jpg
kKKM8Y-u7ds-0-02-12.38.jpg,images/kKKM8Y-u7ds-0-02-12.38.jpg
3HyORmBip-w-0-00-26.00.jpg,images/3HyORmBip-w-0-00-26.00.jpg
kKKM8Y-u7ds-0-06-45.78.jpg,images/kKKM8Y-u7ds-0-06-45.78.jpg
kKKM8Y-u7ds-0-09-16.39.jpg,images/kKKM8Y-u7ds-0-09-16.39.jpg
kKKM8Y-u7ds-0-08-03.48.jpg,images/kKKM8Y-u7ds-0-08-03.48.jpg
3HyORmBip-w-0-05-49.00.jpg,images/3HyORmBip-w-0-05-49.00.jpg
kKKM8Y-u7ds-0-07-31.83.jpg,images/kKKM8Y-u7ds-0-07-31.83.jpg
3HyORmBip-w-0-02-59.00.jpg,images/3HyORmBip-w-0-02-59.00.jpg
kKKM8Y-u7ds-0-10-57.11.jpg,images/kKKM8Y-u7ds-0-10-57.11.jpg
kKKM8Y-u7ds-0-01-48.40.jpg,images/kKKM8Y-u7ds-0-01-48.40.jpg
kKKM8Y-u7ds-0-02-16.22.jpg,images/kKKM8Y-u7ds-0-02-16.22.jpg
3HyORmBip-w-0-02-14.00.jpg,images/3HyORmBip-w-0-02-14.00.jpg
kKKM8Y-u7ds-0-04-48.75.jpg,images/kKKM8Y-u7ds-0-04-48.75.jpg
kKKM8Y-u7ds-0-03-03.22.jpg,images/kKKM8Y-u7ds-0-03-03.22.jpg
kKKM8Y-u7ds-0-07-36.62.jpg,images/kKKM8Y-u7ds-0-07-36.62.jpg
kKKM8Y-u7ds-0-00-17.27.jpg,images/kKKM8Y-u7ds-0-00-17.27.jpg
3HyORmBip-w-0-00-25.00.jpg,images/3HyORmBip-w-0-00-25.00.jpg
3HyORmBip-w-0-05-31.00.jpg,images/3HyORmBip-w-0-05-31.00.jpg
kKKM8Y-u7ds-0-05-24.24.jpg,images/kKKM8Y-u7ds-0-05-24.24.jpg
kKKM8Y-u7ds-0-08-50.49.jpg,images/kKKM8Y-u7ds-0-08-50.49.jpg
3HyORmBip-w-0-00-20.00.jpg,images/3HyORmBip-w-0-00-20.00.jpg
3HyORmBip-w-0-03-08.00.jpg,images/3HyORmBip-w-0-03-08.00.jpg
kKKM8Y-u7ds-0-10-58.07.jpg,images/kKKM8Y-u7ds-0-10-58.07.jpg
kKKM8Y-u7ds-0-08-23.63.jpg,images/kKKM8Y-u7ds-0-08-23.63.jpg
3HyORmBip-w-0-00-55.00.jpg,images/3HyORmBip-w-0-00-55.00.jpg
3HyORmBip-w-0-03-33.00.jpg,images/3HyORmBip-w-0-03-33.00.jpg
kKKM8Y-u7ds-0-09-45.17.jpg,images/kKKM8Y-u7ds-0-09-45.17.jpg
kKKM8Y-u7ds-0-05-35.75.jpg,images/kKKM8Y-u7ds-0-05-35.75.jpg
kKKM8Y-u7ds-0-03-23.37.jpg,images/kKKM8Y-u7ds-0-03-23.37.jpg
3HyORmBip-w-0-02-18.00.jpg,images/3HyORmBip-w-0-02-18.00.jpg
3HyORmBip-w-0-01-22.00.jpg,images/3HyORmBip-w-0-01-22.00.jpg
3HyORmBip-w-0-02-05.00.jpg,images/3HyORmBip-w-0-02-05.00.jpg
kKKM8Y-u7ds-0-03-15.70.jpg,images/kKKM8Y-u7ds-0-03-15.70.jpg
kKKM8Y-u7ds-0-01-40.73.jpg,images/kKKM8Y-u7ds-0-01-40.73.jpg
kKKM8Y-u7ds-0-06-17.00.jpg,images/kKKM8Y-u7ds-0-06-17.00.jpg
kKKM8Y-u7ds-0-06-55.37.jpg,images/kKKM8Y-u7ds-0-06-55.37.jpg
kKKM8Y-u7ds-0-09-49.01.jpg,images/kKKM8Y-u7ds-0-09-49.01.jpg
kKKM8Y-u7ds-0-04-45.87.jpg,images/kKKM8Y-u7ds-0-04-45.87.jpg
kKKM8Y-u7ds-0-03-01.31.jpg,images/kKKM8Y-u7ds-0-03-01.31.jpg
3HyORmBip-w-0-03-30.00.jpg,images/3HyORmBip-w-0-03-30.00.jpg
3HyORmBip-w-0-00-58.00.jpg,images/3HyORmBip-w-0-00-58.00.jpg
kKKM8Y-u7ds-0-03-55.03.jpg,images/kKKM8Y-u7ds-0-03-55.03.jpg
3HyORmBip-w-0-02-34.00.jpg,images/3HyORmBip-w-0-02-34.00.jpg
kKKM8Y-u7ds-0-05-48.22.jpg,images/kKKM8Y-u7ds-0-05-48.22.jpg
kKKM8Y-u7ds-0-02-33.49.jpg,images/kKKM8Y-u7ds-0-02-33.49.jpg
kKKM8Y-u7ds-0-06-05.49.jpg,images/kKKM8Y-u7ds-0-06-05.49.jpg
kKKM8Y-u7ds-0-03-50.23.jpg,images/kKKM8Y-u7ds-0-03-50.23.jpg
kKKM8Y-u7ds-0-00-13.43.jpg,images/kKKM8Y-u7ds-0-00-13.43.jpg
3HyORmBip-w-0-05-08.00.jpg,images/3HyORmBip-w-0-05-08.00.jpg
kKKM8Y-u7ds-0-03-40.64.jpg,images/kKKM8Y-u7ds-0-03-40.64.jpg
3HyORmBip-w-0-05-20.00.jpg,images/3HyORmBip-w-0-05-20.00.jpg
kKKM8Y-u7ds-0-05-59.73.jpg,images/kKKM8Y-u7ds-0-05-59.73.jpg
3HyORmBip-w-0-01-44.00.jpg,images/3HyORmBip-w-0-01-44.00.jpg
kKKM8Y-u7ds-0-05-05.05.jpg,images/kKKM8Y-u7ds-0-05-05.05.jpg
kKKM8Y-u7ds-0-10-59.03.jpg,images/kKKM8Y-u7ds-0-10-59.03.jpg
kKKM8Y-u7ds-0-08-17.87.jpg,images/kKKM8Y-u7ds-0-08-17.87.jpg
kKKM8Y-u7ds-0-01-38.81.jpg,images/kKKM8Y-u7ds-0-01-38.81.jpg
kKKM8Y-u7ds-0-03-33.92.jpg,images/kKKM8Y-u7ds-0-03-33.92.jpg
kKKM8Y-u7ds-0-03-07.06.jpg,images/kKKM8Y-u7ds-0-03-07.06.jpg
kKKM8Y-u7ds-0-04-29.56.jpg,images/kKKM8Y-u7ds-0-04-29.56.jpg
kKKM8Y-u7ds-0-01-19.62.jpg,images/kKKM8Y-u7ds-0-01-19.62.jpg
kKKM8Y-u7ds-0-05-40.55.jpg,images/kKKM8Y-u7ds-0-05-40.55.jpg
kKKM8Y-u7ds-0-03-00.35.jpg,images/kKKM8Y-u7ds-0-03-00.35.jpg
kKKM8Y-u7ds-0-04-46.83.jpg,images/kKKM8Y-u7ds-0-04-46.83.jpg
kKKM8Y-u7ds-0-06-37.15.jpg,images/kKKM8Y-u7ds-0-06-37.15.jpg
3HyORmBip-w-0-02-52.00.jpg,images/3HyORmBip-w-0-02-52.00.jpg
3HyORmBip-w-0-01-49.00.jpg,images/3HyORmBip-w-0-01-49.00.jpg
3HyORmBip-w-0-00-40.00.jpg,images/3HyORmBip-w-0-00-40.00.jpg
kKKM8Y-u7ds-0-03-29.13.jpg,images/kKKM8Y-u7ds-0-03-29.13.jpg
kKKM8Y-u7ds-0-04-17.09.jpg,images/kKKM8Y-u7ds-0-04-17.09.jpg
kKKM8Y-u7ds-0-10-22.58.jpg,images/kKKM8Y-u7ds-0-10-22.58.jpg
kKKM8Y-u7ds-0-01-49.36.jpg,images/kKKM8Y-u7ds-0-01-49.36.jpg
3HyORmBip-w-0-00-19.00.jpg,images/3HyORmBip-w-0-00-19.00.jpg
3HyORmBip-w-0-04-37.00.jpg,images/3HyORmBip-w-0-04-37.00.jpg
kKKM8Y-u7ds-0-10-20.66.jpg,images/kKKM8Y-u7ds-0-10-20.66.jpg
kKKM8Y-u7ds-0-10-36.97.jpg,images/kKKM8Y-u7ds-0-10-36.97.jpg
kKKM8Y-u7ds-0-08-05.40.jpg,images/kKKM8Y-u7ds-0-08-05.40.jpg
3HyORmBip-w-0-00-53.00.jpg,images/3HyORmBip-w-0-00-53.00.jpg
3HyORmBip-w-0-03-27.00.jpg,images/3HyORmBip-w-0-03-27.00.jpg
kKKM8Y-u7ds-0-02-19.10.jpg,images/kKKM8Y-u7ds-0-02-19.10.jpg
3HyORmBip-w-0-02-27.00.jpg,images/3HyORmBip-w-0-02-27.00.jpg
3HyORmBip-w-0-01-41.00.jpg,images/3HyORmBip-w-0-01-41.00.jpg
kKKM8Y-u7ds-0-08-44.73.jpg,images/kKKM8Y-u7ds-0-08-44.73.jpg
3HyORmBip-w-0-04-25.00.jpg,images/3HyORmBip-w-0-04-25.00.jpg
kKKM8Y-u7ds-0-10-16.82.jpg,images/kKKM8Y-u7ds-0-10-16.82.jpg
kKKM8Y-u7ds-0-01-26.34.jpg,images/kKKM8Y-u7ds-0-01-26.34.jpg
3HyORmBip-w-0-00-22.00.jpg,images/3HyORmBip-w-0-00-22.00.jpg
kKKM8Y-u7ds-0-03-09.94.jpg,images/kKKM8Y-u7ds-0-03-09.94.jpg
kKKM8Y-u7ds-0-00-23.02.jpg,images/kKKM8Y-u7ds-0-00-23.02.jpg
3HyORmBip-w-0-04-29.00.jpg,images/3HyORmBip-w-0-04-29.00.jpg
kKKM8Y-u7ds-0-06-57.29.jpg,images/kKKM8Y-u7ds-0-06-57.29.jpg
3HyORmBip-w-0-02-24.00.jpg,images/3HyORmBip-w-0-02-24.00.jpg
3HyORmBip-w-0-02-13.00.jpg,images/3HyORmBip-w-0-02-13.00.jpg
3HyORmBip-w-0-00-33.00.jpg,images/3HyORmBip-w-0-00-33.00.jpg
kKKM8Y-u7ds-0-07-57.73.jpg,images/kKKM8Y-u7ds-0-07-57.73.jpg
3HyORmBip-w-0-01-42.00.jpg,images/3HyORmBip-w-0-01-42.00.jpg
kKKM8Y-u7ds-0-01-15.78.jpg,images/kKKM8Y-u7ds-0-01-15.78.jpg
kKKM8Y-u7ds-0-02-22.93.jpg,images/kKKM8Y-u7ds-0-02-22.93.jpg
kKKM8Y-u7ds-0-01-51.28.jpg,images/kKKM8Y-u7ds-0-01-51.28.jpg
kKKM8Y-u7ds-0-04-54.50.jpg,images/kKKM8Y-u7ds-0-04-54.50.jpg
kKKM8Y-u7ds-0-05-55.90.jpg,images/kKKM8Y-u7ds-0-05-55.90.jpg
kKKM8Y-u7ds-0-10-06.27.jpg,images/kKKM8Y-u7ds-0-10-06.27.jpg
3HyORmBip-w-0-04-48.00.jpg,images/3HyORmBip-w-0-04-48.00.jpg
kKKM8Y-u7ds-0-00-34.53.jpg,images/kKKM8Y-u7ds-0-00-34.53.jpg
3HyORmBip-w-0-00-45.00.jpg,images/3HyORmBip-w-0-00-45.00.jpg
kKKM8Y-u7ds-0-02-35.41.jpg,images/kKKM8Y-u7ds-0-02-35.41.jpg
kKKM8Y-u7ds-0-00-35.49.jpg,images/kKKM8Y-u7ds-0-00-35.49.jpg
3HyORmBip-w-0-04-26.00.jpg,images/3HyORmBip-w-0-04-26.00.jpg
kKKM8Y-u7ds-0-02-14.30.jpg,images/kKKM8Y-u7ds-0-02-14.30.jpg
kKKM8Y-u7ds-0-05-41.51.jpg,images/kKKM8Y-u7ds-0-05-41.51.jpg
kKKM8Y-u7ds-0-00-06.72.jpg,images/kKKM8Y-u7ds-0-00-06.72.jpg
kKKM8Y-u7ds-0-10-39.85.jpg,images/kKKM8Y-u7ds-0-10-39.85.jpg
kKKM8Y-u7ds-0-08-58.16.jpg,images/kKKM8Y-u7ds-0-08-58.16.jpg
3HyORmBip-w-0-02-07.00.jpg,images/3HyORmBip-w-0-02-07.00.jpg
kKKM8Y-u7ds-0-00-20.15.jpg,images/kKKM8Y-u7ds-0-00-20.15.jpg
3HyORmBip-w-0-02-10.00.jpg,images/3HyORmBip-w-0-02-10.00.jpg
kKKM8Y-u7ds-0-09-12.55.jpg,images/kKKM8Y-u7ds-0-09-12.55.jpg
3HyORmBip-w-0-03-22.00.jpg,images/3HyORmBip-w-0-03-22.00.jpg
3HyORmBip-w-0-05-33.00.jpg,images/3HyORmBip-w-0-05-33.00.jpg
kKKM8Y-u7ds-0-02-36.36.jpg,images/kKKM8Y-u7ds-0-02-36.36.jpg
kKKM8Y-u7ds-0-05-52.06.jpg,images/kKKM8Y-u7ds-0-05-52.06.jpg
kKKM8Y-u7ds-0-04-09.42.jpg,images/kKKM8Y-u7ds-0-04-09.42.jpg
kKKM8Y-u7ds-0-08-48.57.jpg,images/kKKM8Y-u7ds-0-08-48.57.jpg
kKKM8Y-u7ds-0-03-20.49.jpg,images/kKKM8Y-u7ds-0-03-20.49.jpg
3HyORmBip-w-0-00-59.00.jpg,images/3HyORmBip-w-0-00-59.00.jpg
3HyORmBip-w-0-02-56.00.jpg,images/3HyORmBip-w-0-02-56.00.jpg
kKKM8Y-u7ds-0-09-15.43.jpg,images/kKKM8Y-u7ds-0-09-15.43.jpg
kKKM8Y-u7ds-0-06-46.74.jpg,images/kKKM8Y-u7ds-0-06-46.74.jpg
kKKM8Y-u7ds-0-05-49.18.jpg,images/kKKM8Y-u7ds-0-05-49.18.jpg
kKKM8Y-u7ds-0-04-52.58.jpg,images/kKKM8Y-u7ds-0-04-52.58.jpg
3HyORmBip-w-0-03-41.00.jpg,images/3HyORmBip-w-0-03-41.00.jpg
kKKM8Y-u7ds-0-07-22.23.jpg,images/kKKM8Y-u7ds-0-07-22.23.jpg
3HyORmBip-w-0-03-40.00.jpg,images/3HyORmBip-w-0-03-40.00.jpg
3HyORmBip-w-0-04-00.00.jpg,images/3HyORmBip-w-0-04-00.00.jpg
kKKM8Y-u7ds-0-00-15.35.jpg,images/kKKM8Y-u7ds-0-00-15.35.jpg
kKKM8Y-u7ds-0-10-45.60.jpg,images/kKKM8Y-u7ds-0-10-45.60.jpg
kKKM8Y-u7ds-0-03-04.18.jpg,images/kKKM8Y-u7ds-0-03-04.18.jpg
3HyORmBip-w-0-05-38.00.jpg,images/3HyORmBip-w-0-05-38.00.jpg
kKKM8Y-u7ds-0-05-25.20.jpg,images/kKKM8Y-u7ds-0-05-25.20.jpg
kKKM8Y-u7ds-0-09-30.78.jpg,images/kKKM8Y-u7ds-0-09-30.78.jpg
kKKM8Y-u7ds-0-08-20.75.jpg,images/kKKM8Y-u7ds-0-08-20.75.jpg
kKKM8Y-u7ds-0-10-51.36.jpg,images/kKKM8Y-u7ds-0-10-51.36.jpg
kKKM8Y-u7ds-0-00-28.78.jpg,images/kKKM8Y-u7ds-0-00-28.78.jpg
3HyORmBip-w-0-03-48.00.jpg,images/3HyORmBip-w-0-03-48.00.jpg
kKKM8Y-u7ds-0-08-13.08.jpg,images/kKKM8Y-u7ds-0-08-13.08.jpg
kKKM8Y-u7ds-0-00-10.55.jpg,images/kKKM8Y-u7ds-0-00-10.55.jpg
kKKM8Y-u7ds-0-09-24.06.jpg,images/kKKM8Y-u7ds-0-09-24.06.jpg
3HyORmBip-w-0-01-57.00.jpg,images/3HyORmBip-w-0-01-57.00.jpg
kKKM8Y-u7ds-0-00-43.17.jpg,images/kKKM8Y-u7ds-0-00-43.17.jpg
kKKM8Y-u7ds-0-10-52.32.jpg,images/kKKM8Y-u7ds-0-10-52.32.jpg
kKKM8Y-u7ds-0-02-26.77.jpg,images/kKKM8Y-u7ds-0-02-26.77.jpg
kKKM8Y-u7ds-0-06-35.23.jpg,images/kKKM8Y-u7ds-0-06-35.23.jpg
kKKM8Y-u7ds-0-02-50.75.jpg,images/kKKM8Y-u7ds-0-02-50.75.jpg
3HyORmBip-w-0-00-14.00.jpg,images/3HyORmBip-w-0-00-14.00.jpg
kKKM8Y-u7ds-0-01-05.23.jpg,images/kKKM8Y-u7ds-0-01-05.23.jpg
kKKM8Y-u7ds-0-02-08.55.jpg,images/kKKM8Y-u7ds-0-02-08.55.jpg
kKKM8Y-u7ds-0-08-35.14.jpg,images/kKKM8Y-u7ds-0-08-35.14.jpg
kKKM8Y-u7ds-0-08-30.34.jpg,images/kKKM8Y-u7ds-0-08-30.34.jpg
3HyORmBip-w-0-01-29.00.jpg,images/3HyORmBip-w-0-01-29.00.jpg
kKKM8Y-u7ds-0-03-26.25.jpg,images/kKKM8Y-u7ds-0-03-26.25.jpg
kKKM8Y-u7ds-0-01-57.99.jpg,images/kKKM8Y-u7ds-0-01-57.99.jpg
3HyORmBip-w-0-03-10.00.jpg,images/3HyORmBip-w-0-03-10.00.jpg
kKKM8Y-u7ds-0-08-00.61.jpg,images/kKKM8Y-u7ds-0-08-00.61.jpg
3HyORmBip-w-0-02-16.00.jpg,images/3HyORmBip-w-0-02-16.00.jpg
kKKM8Y-u7ds-0-07-59.65.jpg,images/kKKM8Y-u7ds-0-07-59.65.jpg
kKKM8Y-u7ds-0-01-13.87.jpg,images/kKKM8Y-u7ds-0-01-13.87.jpg
kKKM8Y-u7ds-0-04-36.28.jpg,images/kKKM8Y-u7ds-0-04-36.28.jpg
kKKM8Y-u7ds-0-00-14.39.jpg,images/kKKM8Y-u7ds-0-00-14.39.jpg
3HyORmBip-w-0-03-35.00.jpg,images/3HyORmBip-w-0-03-35.00.jpg
kKKM8Y-u7ds-0-10-18.74.jpg,images/kKKM8Y-u7ds-0-10-18.74.jpg
kKKM8Y-u7ds-0-07-48.13.jpg,images/kKKM8Y-u7ds-0-07-48.13.jpg
kKKM8Y-u7ds-0-09-17.35.jpg,images/kKKM8Y-u7ds-0-09-17.35.jpg
kKKM8Y-u7ds-0-05-47.26.jpg,images/kKKM8Y-u7ds-0-05-47.26.jpg
kKKM8Y-u7ds-0-04-34.36.jpg,images/kKKM8Y-u7ds-0-04-34.36.jpg
3HyORmBip-w-0-03-34.00.jpg,images/3HyORmBip-w-0-03-34.00.jpg
3HyORmBip-w-0-01-55.00.jpg,images/3HyORmBip-w-0-01-55.00.jpg
kKKM8Y-u7ds-0-03-32.00.jpg,images/kKKM8Y-u7ds-0-03-32.00.jpg
3HyORmBip-w-0-05-48.00.jpg,images/3HyORmBip-w-0-05-48.00.jpg
kKKM8Y-u7ds-0-03-45.43.jpg,images/kKKM8Y-u7ds-0-03-45.43.jpg
3HyORmBip-w-0-05-16.00.jpg,images/3HyORmBip-w-0-05-16.00.jpg
kKKM8Y-u7ds-0-02-56.51.jpg,images/kKKM8Y-u7ds-0-02-56.51.jpg
3HyORmBip-w-0-01-23.00.jpg,images/3HyORmBip-w-0-01-23.00.jpg
kKKM8Y-u7ds-0-08-53.37.jpg,images/kKKM8Y-u7ds-0-08-53.37.jpg
kKKM8Y-u7ds-0-03-57.90.jpg,images/kKKM8Y-u7ds-0-03-57.90.jpg
kKKM8Y-u7ds-0-04-30.52.jpg,images/kKKM8Y-u7ds-0-04-30.52.jpg
kKKM8Y-u7ds-0-00-08.63.jpg,images/kKKM8Y-u7ds-0-00-08.63.jpg
3HyORmBip-w-0-01-17.00.jpg,images/3HyORmBip-w-0-01-17.00.jpg
kKKM8Y-u7ds-0-03-55.99.jpg,images/kKKM8Y-u7ds-0-03-55.99.jpg
3HyORmBip-w-0-01-59.00.jpg,images/3HyORmBip-w-0-01-59.00.jpg
kKKM8Y-u7ds-0-09-37.49.jpg,images/kKKM8Y-u7ds-0-09-37.49.jpg
3HyORmBip-w-0-00-30.00.jpg,images/3HyORmBip-w-0-00-30.00.jpg
3HyORmBip-w-0-00-18.00.jpg,images/3HyORmBip-w-0-00-18.00.jpg
3HyORmBip-w-0-01-21.00.jpg,images/3HyORmBip-w-0-01-21.00.jpg
kKKM8Y-u7ds-0-04-08.46.jpg,images/kKKM8Y-u7ds-0-04-08.46.jpg
kKKM8Y-u7ds-0-00-46.05.jpg,images/kKKM8Y-u7ds-0-00-46.05.jpg
kKKM8Y-u7ds-0-07-18.40.jpg,images/kKKM8Y-u7ds-0-07-18.40.jpg
kKKM8Y-u7ds-0-06-29.47.jpg,images/kKKM8Y-u7ds-0-06-29.47.jpg
kKKM8Y-u7ds-0-06-50.58.jpg,images/kKKM8Y-u7ds-0-06-50.58.jpg
3HyORmBip-w-0-04-53.00.jpg,images/3HyORmBip-w-0-04-53.00.jpg
kKKM8Y-u7ds-0-07-41.42.jpg,images/kKKM8Y-u7ds-0-07-41.42.jpg
kKKM8Y-u7ds-0-06-00.69.jpg,images/kKKM8Y-u7ds-0-06-00.69.jpg
3HyORmBip-w-0-05-21.00.jpg,images/3HyORmBip-w-0-05-21.00.jpg
3HyORmBip-w-0-05-53.00.jpg,images/3HyORmBip-w-0-05-53.00.jpg
kKKM8Y-u7ds-0-05-09.85.jpg,images/kKKM8Y-u7ds-0-05-09.85.jpg
3HyORmBip-w-0-05-24.00.jpg,images/3HyORmBip-w-0-05-24.00.jpg
3HyORmBip-w-0-05-28.00.jpg,images/3HyORmBip-w-0-05-28.00.jpg
kKKM8Y-u7ds-0-01-32.09.jpg,images/kKKM8Y-u7ds-0-01-32.09.jpg
kKKM8Y-u7ds-0-02-15.26.jpg,images/kKKM8Y-u7ds-0-02-15.26.jpg
3HyORmBip-w-0-04-52.00.jpg,images/3HyORmBip-w-0-04-52.00.jpg
kKKM8Y-u7ds-0-00-59.48.jpg,images/kKKM8Y-u7ds-0-00-59.48.jpg
kKKM8Y-u7ds-0-05-20.40.jpg,images/kKKM8Y-u7ds-0-05-20.40.jpg
kKKM8Y-u7ds-0-08-52.41.jpg,images/kKKM8Y-u7ds-0-08-52.41.jpg
kKKM8Y-u7ds-0-07-33.74.jpg,images/kKKM8Y-u7ds-0-07-33.74.jpg
kKKM8Y-u7ds-0-10-56.16.jpg,images/kKKM8Y-u7ds-0-10-56.16.jpg
3HyORmBip-w-0-01-28.00.jpg,images/3HyORmBip-w-0-01-28.00.jpg
kKKM8Y-u7ds-0-04-32.44.jpg,images/kKKM8Y-u7ds-0-04-32.44.jpg
kKKM8Y-u7ds-0-00-03.84.jpg,images/kKKM8Y-u7ds-0-00-03.84.jpg
kKKM8Y-u7ds-0-05-34.79.jpg,images/kKKM8Y-u7ds-0-05-34.79.jpg
3HyORmBip-w-0-01-25.00.jpg,images/3HyORmBip-w-0-01-25.00.jpg
kKKM8Y-u7ds-0-04-14.21.jpg,images/kKKM8Y-u7ds-0-04-14.21.jpg
3HyORmBip-w-0-04-56.00.jpg,images/3HyORmBip-w-0-04-56.00.jpg
kKKM8Y-u7ds-0-01-14.82.jpg,images/kKKM8Y-u7ds-0-01-14.82.jpg
kKKM8Y-u7ds-0-03-17.61.jpg,images/kKKM8Y-u7ds-0-03-17.61.jpg
kKKM8Y-u7ds-0-09-13.51.jpg,images/kKKM8Y-u7ds-0-09-13.51.jpg
kKKM8Y-u7ds-0-06-38.11.jpg,images/kKKM8Y-u7ds-0-06-38.11.jpg
3HyORmBip-w-0-03-32.00.jpg,images/3HyORmBip-w-0-03-32.00.jpg
kKKM8Y-u7ds-0-09-10.63.jpg,images/kKKM8Y-u7ds-0-09-10.63.jpg
kKKM8Y-u7ds-0-01-56.07.jpg,images/kKKM8Y-u7ds-0-01-56.07.jpg
kKKM8Y-u7ds-0-01-30.17.jpg,images/kKKM8Y-u7ds-0-01-30.17.jpg
kKKM8Y-u7ds-0-07-03.05.jpg,images/kKKM8Y-u7ds-0-07-03.05.jpg
kKKM8Y-u7ds-0-06-26.59.jpg,images/kKKM8Y-u7ds-0-06-26.59.jpg
kKKM8Y-u7ds-0-08-28.42.jpg,images/kKKM8Y-u7ds-0-08-28.42.jpg
3HyORmBip-w-0-01-37.00.jpg,images/3HyORmBip-w-0-01-37.00.jpg
3HyORmBip-w-0-03-00.00.jpg,images/3HyORmBip-w-0-03-00.00.jpg
kKKM8Y-u7ds-0-05-36.71.jpg,images/kKKM8Y-u7ds-0-05-36.71.jpg
kKKM8Y-u7ds-0-00-23.98.jpg,images/kKKM8Y-u7ds-0-00-23.98.jpg
kKKM8Y-u7ds-0-09-01.04.jpg,images/kKKM8Y-u7ds-0-09-01.04.jpg
kKKM8Y-u7ds-0-04-22.85.jpg,images/kKKM8Y-u7ds-0-04-22.85.jpg
kKKM8Y-u7ds-0-10-50.40.jpg,images/kKKM8Y-u7ds-0-10-50.40.jpg
3HyORmBip-w-0-01-00.00.jpg,images/3HyORmBip-w-0-01-00.00.jpg
kKKM8Y-u7ds-0-07-07.84.jpg,images/kKKM8Y-u7ds-0-07-07.84.jpg
kKKM8Y-u7ds-0-10-21.62.jpg,images/kKKM8Y-u7ds-0-10-21.62.jpg
kKKM8Y-u7ds-0-03-51.19.jpg,images/kKKM8Y-u7ds-0-03-51.19.jpg
kKKM8Y-u7ds-0-03-38.72.jpg,images/kKKM8Y-u7ds-0-03-38.72.jpg
kKKM8Y-u7ds-0-04-58.34.jpg,images/kKKM8Y-u7ds-0-04-58.34.jpg
3HyORmBip-w-0-04-33.00.jpg,images/3HyORmBip-w-0-04-33.00.jpg
kKKM8Y-u7ds-0-04-24.76.jpg,images/kKKM8Y-u7ds-0-04-24.76.jpg
kKKM8Y-u7ds-0-05-46.30.jpg,images/kKKM8Y-u7ds-0-05-46.30.jpg
3HyORmBip-w-0-03-28.00.jpg,images/3HyORmBip-w-0-03-28.00.jpg
kKKM8Y-u7ds-0-03-30.08.jpg,images/kKKM8Y-u7ds-0-03-30.08.jpg
3HyORmBip-w-0-05-56.00.jpg,images/3HyORmBip-w-0-05-56.00.jpg
kKKM8Y-u7ds-0-09-48.05.jpg,images/kKKM8Y-u7ds-0-09-48.05.jpg
kKKM8Y-u7ds-0-05-06.01.jpg,images/kKKM8Y-u7ds-0-05-06.01.jpg
kKKM8Y-u7ds-0-02-09.50.jpg,images/kKKM8Y-u7ds-0-02-09.50.jpg
3HyORmBip-w-0-02-11.00.jpg,images/3HyORmBip-w-0-02-11.00.jpg
kKKM8Y-u7ds-0-01-37.85.jpg,images/kKKM8Y-u7ds-0-01-37.85.jpg
kKKM8Y-u7ds-0-05-29.04.jpg,images/kKKM8Y-u7ds-0-05-29.04.jpg
kKKM8Y-u7ds-0-08-36.10.jpg,images/kKKM8Y-u7ds-0-08-36.10.jpg
kKKM8Y-u7ds-0-00-56.60.jpg,images/kKKM8Y-u7ds-0-00-56.60.jpg
kKKM8Y-u7ds-0-04-18.05.jpg,images/kKKM8Y-u7ds-0-04-18.05.jpg
kKKM8Y-u7ds-0-10-59.99.jpg,images/kKKM8Y-u7ds-0-10-59.99.jpg
3HyORmBip-w-0-04-46.00.jpg,images/3HyORmBip-w-0-04-46.00.jpg
kKKM8Y-u7ds-0-04-12.29.jpg,images/kKKM8Y-u7ds-0-04-12.29.jpg
kKKM8Y-u7ds-0-00-40.29.jpg,images/kKKM8Y-u7ds-0-00-40.29.jpg
3HyORmBip-w-0-01-27.00.jpg,images/3HyORmBip-w-0-01-27.00.jpg
3HyORmBip-w-0-00-50.00.jpg,images/3HyORmBip-w-0-00-50.00.jpg
3HyORmBip-w-0-00-15.00.jpg,images/3HyORmBip-w-0-00-15.00.jpg
kKKM8Y-u7ds-0-01-42.64.jpg,images/kKKM8Y-u7ds-0-01-42.64.jpg
kKKM8Y-u7ds-0-04-21.89.jpg,images/kKKM8Y-u7ds-0-04-21.89.jpg
kKKM8Y-u7ds-0-02-46.92.jpg,images/kKKM8Y-u7ds-0-02-46.92.jpg
kKKM8Y-u7ds-0-01-12.91.jpg,images/kKKM8Y-u7ds-0-01-12.91.jpg
3HyORmBip-w-0-01-03.00.jpg,images/3HyORmBip-w-0-01-03.00.jpg
3HyORmBip-w-0-05-47.00.jpg,images/3HyORmBip-w-0-05-47.00.jpg
kKKM8Y-u7ds-0-09-01.100.jpg,images/kKKM8Y-u7ds-0-09-01.100.jpg
kKKM8Y-u7ds-0-06-39.07.jpg,images/kKKM8Y-u7ds-0-06-39.07.jpg
kKKM8Y-u7ds-0-07-47.18.jpg,images/kKKM8Y-u7ds-0-07-47.18.jpg
kKKM8Y-u7ds-0-09-54.76.jpg,images/kKKM8Y-u7ds-0-09-54.76.jpg
kKKM8Y-u7ds-0-01-10.99.jpg,images/kKKM8Y-u7ds-0-01-10.99.jpg
3HyORmBip-w-0-02-08.00.jpg,images/3HyORmBip-w-0-02-08.00.jpg
3HyORmBip-w-0-02-19.00.jpg,images/3HyORmBip-w-0-02-19.00.jpg
kKKM8Y-u7ds-0-08-08.28.jpg,images/kKKM8Y-u7ds-0-08-08.28.jpg
3HyORmBip-w-0-03-44.00.jpg,images/3HyORmBip-w-0-03-44.00.jpg
kKKM8Y-u7ds-0-10-43.68.jpg,images/kKKM8Y-u7ds-0-10-43.68.jpg
3HyORmBip-w-0-03-57.00.jpg,images/3HyORmBip-w-0-03-57.00.jpg
kKKM8Y-u7ds-0-05-32.87.jpg,images/kKKM8Y-u7ds-0-05-32.87.jpg
kKKM8Y-u7ds-0-07-58.69.jpg,images/kKKM8Y-u7ds-0-07-58.69.jpg
3HyORmBip-w-0-01-36.00.jpg,images/3HyORmBip-w-0-01-36.00.jpg
kKKM8Y-u7ds-0-08-02.52.jpg,images/kKKM8Y-u7ds-0-08-02.52.jpg
kKKM8Y-u7ds-0-05-50.14.jpg,images/kKKM8Y-u7ds-0-05-50.14.jpg
3HyORmBip-w-0-01-38.00.jpg,images/3HyORmBip-w-0-01-38.00.jpg
kKKM8Y-u7ds-0-05-21.36.jpg,images/kKKM8Y-u7ds-0-05-21.36.jpg
3HyORmBip-w-0-05-51.00.jpg,images/3HyORmBip-w-0-05-51.00.jpg
kKKM8Y-u7ds-0-04-20.93.jpg,images/kKKM8Y-u7ds-0-04-20.93.jpg
kKKM8Y-u7ds-0-05-11.77.jpg,images/kKKM8Y-u7ds-0-05-11.77.jpg
kKKM8Y-u7ds-0-05-33.83.jpg,images/kKKM8Y-u7ds-0-05-33.83.jpg
3HyORmBip-w-0-04-24.00.jpg,images/3HyORmBip-w-0-04-24.00.jpg
3HyORmBip-w-0-01-35.00.jpg,images/3HyORmBip-w-0-01-35.00.jpg
3HyORmBip-w-0-03-42.00.jpg,images/3HyORmBip-w-0-03-42.00.jpg
3HyORmBip-w-0-02-44.00.jpg,images/3HyORmBip-w-0-02-44.00.jpg
kKKM8Y-u7ds-0-10-27.38.jpg,images/kKKM8Y-u7ds-0-10-27.38.jpg
kKKM8Y-u7ds-0-01-11.95.jpg,images/kKKM8Y-u7ds-0-01-11.95.jpg
3HyORmBip-w-0-02-20.00.jpg,images/3HyORmBip-w-0-02-20.00.jpg
kKKM8Y-u7ds-0-00-19.19.jpg,images/kKKM8Y-u7ds-0-00-19.19.jpg
kKKM8Y-u7ds-0-10-04.35.jpg,images/kKKM8Y-u7ds-0-10-04.35.jpg
kKKM8Y-u7ds-0-07-34.70.jpg,images/kKKM8Y-u7ds-0-07-34.70.jpg
kKKM8Y-u7ds-0-02-54.59.jpg,images/kKKM8Y-u7ds-0-02-54.59.jpg
kKKM8Y-u7ds-0-07-46.22.jpg,images/kKKM8Y-u7ds-0-07-46.22.jpg
3HyORmBip-w-0-03-56.00.jpg,images/3HyORmBip-w-0-03-56.00.jpg
3HyORmBip-w-0-00-09.00.jpg,images/3HyORmBip-w-0-00-09.00.jpg
kKKM8Y-u7ds-0-02-57.47.jpg,images/kKKM8Y-u7ds-0-02-57.47.jpg
kKKM8Y-u7ds-0-10-38.89.jpg,images/kKKM8Y-u7ds-0-10-38.89.jpg
kKKM8Y-u7ds-0-07-50.05.jpg,images/kKKM8Y-u7ds-0-07-50.05.jpg
3HyORmBip-w-0-04-07.00.jpg,images/3HyORmBip-w-0-04-07.00.jpg
kKKM8Y-u7ds-0-05-14.65.jpg,images/kKKM8Y-u7ds-0-05-14.65.jpg
3HyORmBip-w-0-02-30.00.jpg,images/3HyORmBip-w-0-02-30.00.jpg
kKKM8Y-u7ds-0-06-40.98.jpg,images/kKKM8Y-u7ds-0-06-40.98.jpg
3HyORmBip-w-0-03-21.00.jpg,images/3HyORmBip-w-0-03-21.00.jpg
kKKM8Y-u7ds-0-02-24.85.jpg,images/kKKM8Y-u7ds-0-02-24.85.jpg
3HyORmBip-w-0-04-51.00.jpg,images/3HyORmBip-w-0-04-51.00.jpg
3HyORmBip-w-0-00-00.00.jpg,images/3HyORmBip-w-0-00-00.00.jpg
kKKM8Y-u7ds-0-09-06.80.jpg,images/kKKM8Y-u7ds-0-09-06.80.jpg
kKKM8Y-u7ds-0-00-32.62.jpg,images/kKKM8Y-u7ds-0-00-32.62.jpg
kKKM8Y-u7ds-0-07-14.56.jpg,images/kKKM8Y-u7ds-0-07-14.56.jpg
3HyORmBip-w-0-01-13.00.jpg,images/3HyORmBip-w-0-01-13.00.jpg
kKKM8Y-u7ds-0-01-25.38.jpg,images/kKKM8Y-u7ds-0-01-25.38.jpg
kKKM8Y-u7ds-0-06-48.66.jpg,images/kKKM8Y-u7ds-0-06-48.66.jpg
kKKM8Y-u7ds-0-01-03.31.jpg,images/kKKM8Y-u7ds-0-01-03.31.jpg
3HyORmBip-w-0-05-26.00.jpg,images/3HyORmBip-w-0-05-26.00.jpg
kKKM8Y-u7ds-0-10-34.09.jpg,images/kKKM8Y-u7ds-0-10-34.09.jpg
3HyORmBip-w-0-05-23.00.jpg,images/3HyORmBip-w-0-05-23.00.jpg
3HyORmBip-w-0-03-43.00.jpg,images/3HyORmBip-w-0-03-43.00.jpg
kKKM8Y-u7ds-0-08-31.30.jpg,images/kKKM8Y-u7ds-0-08-31.30.jpg
kKKM8Y-u7ds-0-11-01.91.jpg,images/kKKM8Y-u7ds-0-11-01.91.jpg
3HyORmBip-w-0-05-35.00.jpg,images/3HyORmBip-w-0-05-35.00.jpg
3HyORmBip-w-0-04-12.00.jpg,images/3HyORmBip-w-0-04-12.00.jpg
kKKM8Y-u7ds-0-07-05.93.jpg,images/kKKM8Y-u7ds-0-07-05.93.jpg
kKKM8Y-u7ds-0-06-25.64.jpg,images/kKKM8Y-u7ds-0-06-25.64.jpg
kKKM8Y-u7ds-0-09-21.19.jpg,images/kKKM8Y-u7ds-0-09-21.19.jpg
kKKM8Y-u7ds-0-06-49.62.jpg,images/kKKM8Y-u7ds-0-06-49.62.jpg
kKKM8Y-u7ds-0-10-10.11.jpg,images/kKKM8Y-u7ds-0-10-10.11.jpg
kKKM8Y-u7ds-0-02-44.100.jpg,images/kKKM8Y-u7ds-0-02-44.100.jpg
3HyORmBip-w-0-02-38.00.jpg,images/3HyORmBip-w-0-02-38.00.jpg
3HyORmBip-w-0-03-47.00.jpg,images/3HyORmBip-w-0-03-47.00.jpg
kKKM8Y-u7ds-0-03-31.04.jpg,images/kKKM8Y-u7ds-0-03-31.04.jpg
kKKM8Y-u7ds-0-03-48.31.jpg,images/kKKM8Y-u7ds-0-03-48.31.jpg
3HyORmBip-w-0-02-01.00.jpg,images/3HyORmBip-w-0-02-01.00.jpg
3HyORmBip-w-0-03-58.00.jpg,images/3HyORmBip-w-0-03-58.00.jpg
kKKM8Y-u7ds-0-00-05.76.jpg,images/kKKM8Y-u7ds-0-00-05.76.jpg
3HyORmBip-w-0-03-07.00.jpg,images/3HyORmBip-w-0-03-07.00.jpg
kKKM8Y-u7ds-0-00-33.58.jpg,images/kKKM8Y-u7ds-0-00-33.58.jpg
kKKM8Y-u7ds-0-01-08.11.jpg,images/kKKM8Y-u7ds-0-01-08.11.jpg
3HyORmBip-w-0-05-06.00.jpg,images/3HyORmBip-w-0-05-06.00.jpg
kKKM8Y-u7ds-0-03-37.76.jpg,images/kKKM8Y-u7ds-0-03-37.76.jpg
kKKM8Y-u7ds-0-08-19.79.jpg,images/kKKM8Y-u7ds-0-08-19.79.jpg
kKKM8Y-u7ds-0-10-32.17.jpg,images/kKKM8Y-u7ds-0-10-32.17.jpg
kKKM8Y-u7ds-0-10-40.81.jpg,images/kKKM8Y-u7ds-0-10-40.81.jpg
kKKM8Y-u7ds-0-09-29.82.jpg,images/kKKM8Y-u7ds-0-09-29.82.jpg
kKKM8Y-u7ds-0-05-17.53.jpg,images/kKKM8Y-u7ds-0-05-17.53.jpg
kKKM8Y-u7ds-0-09-49.96.jpg,images/kKKM8Y-u7ds-0-09-49.96.jpg
3HyORmBip-w-0-03-11.00.jpg,images/3HyORmBip-w-0-03-11.00.jpg
kKKM8Y-u7ds-0-04-39.15.jpg,images/kKKM8Y-u7ds-0-04-39.15.jpg
kKKM8Y-u7ds-0-07-12.64.jpg,images/kKKM8Y-u7ds-0-07-12.64.jpg
kKKM8Y-u7ds-0-06-04.53.jpg,images/kKKM8Y-u7ds-0-06-04.53.jpg
3HyORmBip-w-0-03-51.00.jpg,images/3HyORmBip-w-0-03-51.00.jpg
kKKM8Y-u7ds-0-09-58.60.jpg,images/kKKM8Y-u7ds-0-09-58.60.jpg
kKKM8Y-u7ds-0-01-29.21.jpg,images/kKKM8Y-u7ds-0-01-29.21.jpg
kKKM8Y-u7ds-0-01-53.20.jpg,images/kKKM8Y-u7ds-0-01-53.20.jpg
kKKM8Y-u7ds-0-04-49.71.jpg,images/kKKM8Y-u7ds-0-04-49.71.jpg
kKKM8Y-u7ds-0-00-11.51.jpg,images/kKKM8Y-u7ds-0-00-11.51.jpg
kKKM8Y-u7ds-0-07-43.34.jpg,images/kKKM8Y-u7ds-0-07-43.34.jpg
3HyORmBip-w-0-04-10.00.jpg,images/3HyORmBip-w-0-04-10.00.jpg
kKKM8Y-u7ds-0-06-03.57.jpg,images/kKKM8Y-u7ds-0-06-03.57.jpg
3HyORmBip-w-0-00-47.00.jpg,images/3HyORmBip-w-0-00-47.00.jpg
kKKM8Y-u7ds-0-10-05.31.jpg,images/kKKM8Y-u7ds-0-10-05.31.jpg
kKKM8Y-u7ds-0-00-29.74.jpg,images/kKKM8Y-u7ds-0-00-29.74.jpg
kKKM8Y-u7ds-0-09-03.92.jpg,images/kKKM8Y-u7ds-0-09-03.92.jpg
3HyORmBip-w-0-00-51.00.jpg,images/3HyORmBip-w-0-00-51.00.jpg
kKKM8Y-u7ds-0-09-22.14.jpg,images/kKKM8Y-u7ds-0-09-22.14.jpg
kKKM8Y-u7ds-0-06-59.21.jpg,images/kKKM8Y-u7ds-0-06-59.21.jpg
kKKM8Y-u7ds-0-09-38.45.jpg,images/kKKM8Y-u7ds-0-09-38.45.jpg
kKKM8Y-u7ds-0-09-11.59.jpg,images/kKKM8Y-u7ds-0-09-11.59.jpg
3HyORmBip-w-0-04-04.00.jpg,images/3HyORmBip-w-0-04-04.00.jpg
kKKM8Y-u7ds-0-06-09.33.jpg,images/kKKM8Y-u7ds-0-06-09.33.jpg
3HyORmBip-w-0-05-30.00.jpg,images/3HyORmBip-w-0-05-30.00.jpg
3HyORmBip-w-0-02-02.00.jpg,images/3HyORmBip-w-0-02-02.00.jpg
kKKM8Y-u7ds-0-05-00.26.jpg,images/kKKM8Y-u7ds-0-05-00.26.jpg
kKKM8Y-u7ds-0-08-14.99.jpg,images/kKKM8Y-u7ds-0-08-14.99.jpg
kKKM8Y-u7ds-0-02-00.87.jpg,images/kKKM8Y-u7ds-0-02-00.87.jpg
kKKM8Y-u7ds-0-03-39.68.jpg,images/kKKM8Y-u7ds-0-03-39.68.jpg
3HyORmBip-w-0-04-49.00.jpg,images/3HyORmBip-w-0-04-49.00.jpg
kKKM8Y-u7ds-0-01-18.66.jpg,images/kKKM8Y-u7ds-0-01-18.66.jpg
kKKM8Y-u7ds-0-05-37.67.jpg,images/kKKM8Y-u7ds-0-05-37.67.jpg
kKKM8Y-u7ds-0-01-55.12.jpg,images/kKKM8Y-u7ds-0-01-55.12.jpg
kKKM8Y-u7ds-0-04-55.46.jpg,images/kKKM8Y-u7ds-0-04-55.46.jpg
kKKM8Y-u7ds-0-10-17.78.jpg,images/kKKM8Y-u7ds-0-10-17.78.jpg
3HyORmBip-w-0-01-39.00.jpg,images/3HyORmBip-w-0-01-39.00.jpg
kKKM8Y-u7ds-0-00-00.00.jpg,images/kKKM8Y-u7ds-0-00-00.00.jpg
kKKM8Y-u7ds-0-08-46.65.jpg,images/kKKM8Y-u7ds-0-08-46.65.jpg
kKKM8Y-u7ds-0-10-14.91.jpg,images/kKKM8Y-u7ds-0-10-14.91.jpg
kKKM8Y-u7ds-0-02-59.39.jpg,images/kKKM8Y-u7ds-0-02-59.39.jpg
kKKM8Y-u7ds-0-02-48.84.jpg,images/kKKM8Y-u7ds-0-02-48.84.jpg
kKKM8Y-u7ds-0-04-50.67.jpg,images/kKKM8Y-u7ds-0-04-50.67.jpg
kKKM8Y-u7ds-0-05-07.93.jpg,images/kKKM8Y-u7ds-0-05-07.93.jpg
3HyORmBip-w-0-02-54.00.jpg,images/3HyORmBip-w-0-02-54.00.jpg
3HyORmBip-w-0-04-31.00.jpg,images/3HyORmBip-w-0-04-31.00.jpg
3HyORmBip-w-0-04-36.00.jpg,images/3HyORmBip-w-0-04-36.00.jpg
kKKM8Y-u7ds-0-05-18.48.jpg,images/kKKM8Y-u7ds-0-05-18.48.jpg
3HyORmBip-w-0-05-29.00.jpg,images/3HyORmBip-w-0-05-29.00.jpg
3HyORmBip-w-0-00-38.00.jpg,images/3HyORmBip-w-0-00-38.00.jpg
kKKM8Y-u7ds-0-02-25.81.jpg,images/kKKM8Y-u7ds-0-02-25.81.jpg
3HyORmBip-w-0-00-27.00.jpg,images/3HyORmBip-w-0-00-27.00.jpg
kKKM8Y-u7ds-0-05-03.14.jpg,images/kKKM8Y-u7ds-0-05-03.14.jpg
kKKM8Y-u7ds-0-05-31.91.jpg,images/kKKM8Y-u7ds-0-05-31.91.jpg
kKKM8Y-u7ds-0-03-47.35.jpg,images/kKKM8Y-u7ds-0-03-47.35.jpg
kKKM8Y-u7ds-0-03-46.39.jpg,images/kKKM8Y-u7ds-0-03-46.39.jpg
kKKM8Y-u7ds-0-00-31.66.jpg,images/kKKM8Y-u7ds-0-00-31.66.jpg
kKKM8Y-u7ds-0-07-42.38.jpg,images/kKKM8Y-u7ds-0-07-42.38.jpg
kKKM8Y-u7ds-0-10-47.52.jpg,images/kKKM8Y-u7ds-0-10-47.52.jpg
kKKM8Y-u7ds-0-06-02.61.jpg,images/kKKM8Y-u7ds-0-06-02.61.jpg
kKKM8Y-u7ds-0-02-05.67.jpg,images/kKKM8Y-u7ds-0-02-05.67.jpg
kKKM8Y-u7ds-0-02-39.24.jpg,images/kKKM8Y-u7ds-0-02-39.24.jpg
3HyORmBip-w-0-01-04.00.jpg,images/3HyORmBip-w-0-01-04.00.jpg
3HyORmBip-w-0-01-14.00.jpg,images/3HyORmBip-w-0-01-14.00.jpg
kKKM8Y-u7ds-0-00-58.52.jpg,images/kKKM8Y-u7ds-0-00-58.52.jpg
kKKM8Y-u7ds-0-03-53.11.jpg,images/kKKM8Y-u7ds-0-03-53.11.jpg
kKKM8Y-u7ds-0-02-40.20.jpg,images/kKKM8Y-u7ds-0-02-40.20.jpg
kKKM8Y-u7ds-0-07-09.76.jpg,images/kKKM8Y-u7ds-0-07-09.76.jpg
3HyORmBip-w-0-01-07.00.jpg,images/3HyORmBip-w-0-01-07.00.jpg
kKKM8Y-u7ds-0-08-04.44.jpg,images/kKKM8Y-u7ds-0-08-04.44.jpg
3HyORmBip-w-0-05-52.00.jpg,images/3HyORmBip-w-0-05-52.00.jpg
kKKM8Y-u7ds-0-08-21.71.jpg,images/kKKM8Y-u7ds-0-08-21.71.jpg
kKKM8Y-u7ds-0-07-55.81.jpg,images/kKKM8Y-u7ds-0-07-55.81.jpg
kKKM8Y-u7ds-0-04-03.66.jpg,images/kKKM8Y-u7ds-0-04-03.66.jpg
kKKM8Y-u7ds-0-02-28.69.jpg,images/kKKM8Y-u7ds-0-02-28.69.jpg
3HyORmBip-w-0-00-28.00.jpg,images/3HyORmBip-w-0-00-28.00.jpg
kKKM8Y-u7ds-0-02-41.16.jpg,images/kKKM8Y-u7ds-0-02-41.16.jpg
kKKM8Y-u7ds-0-10-00.52.jpg,images/kKKM8Y-u7ds-0-10-00.52.jpg
kKKM8Y-u7ds-0-07-13.60.jpg,images/kKKM8Y-u7ds-0-07-13.60.jpg
kKKM8Y-u7ds-0-10-48.48.jpg,images/kKKM8Y-u7ds-0-10-48.48.jpg
3HyORmBip-w-0-04-58.00.jpg,images/3HyORmBip-w-0-04-58.00.jpg
kKKM8Y-u7ds-0-03-25.29.jpg,images/kKKM8Y-u7ds-0-03-25.29.jpg
3HyORmBip-w-0-02-48.00.jpg,images/3HyORmBip-w-0-02-48.00.jpg
kKKM8Y-u7ds-0-00-12.47.jpg,images/kKKM8Y-u7ds-0-00-12.47.jpg
kKKM8Y-u7ds-0-07-28.95.jpg,images/kKKM8Y-u7ds-0-07-28.95.jpg
3HyORmBip-w-0-05-13.00.jpg,images/3HyORmBip-w-0-05-13.00.jpg
kKKM8Y-u7ds-0-09-33.66.jpg,images/kKKM8Y-u7ds-0-09-33.66.jpg
kKKM8Y-u7ds-0-04-42.03.jpg,images/kKKM8Y-u7ds-0-04-42.03.jpg
3HyORmBip-w-0-01-02.00.jpg,images/3HyORmBip-w-0-01-02.00.jpg
kKKM8Y-u7ds-0-03-59.82.jpg,images/kKKM8Y-u7ds-0-03-59.82.jpg
3HyORmBip-w-0-05-05.00.jpg,images/3HyORmBip-w-0-05-05.00.jpg
kKKM8Y-u7ds-0-04-31.48.jpg,images/kKKM8Y-u7ds-0-04-31.48.jpg
kKKM8Y-u7ds-0-09-51.88.jpg,images/kKKM8Y-u7ds-0-09-51.88.jpg
kKKM8Y-u7ds-0-03-18.57.jpg,images/kKKM8Y-u7ds-0-03-18.57.jpg
3HyORmBip-w-0-03-17.00.jpg,images/3HyORmBip-w-0-03-17.00.jpg
3HyORmBip-w-0-01-33.00.jpg,images/3HyORmBip-w-0-01-33.00.jpg
3HyORmBip-w-0-02-46.00.jpg,images/3HyORmBip-w-0-02-46.00.jpg
kKKM8Y-u7ds-0-03-10.90.jpg,images/kKKM8Y-u7ds-0-03-10.90.jpg
kKKM8Y-u7ds-0-08-49.53.jpg,images/kKKM8Y-u7ds-0-08-49.53.jpg
kKKM8Y-u7ds-0-09-55.72.jpg,images/kKKM8Y-u7ds-0-09-55.72.jpg
3HyORmBip-w-0-00-42.00.jpg,images/3HyORmBip-w-0-00-42.00.jpg
kKKM8Y-u7ds-0-00-21.10.jpg,images/kKKM8Y-u7ds-0-00-21.10.jpg
kKKM8Y-u7ds-0-06-16.04.jpg,images/kKKM8Y-u7ds-0-06-16.04.jpg
kKKM8Y-u7ds-0-08-33.22.jpg,images/kKKM8Y-u7ds-0-08-33.22.jpg
kKKM8Y-u7ds-0-10-36.01.jpg,images/kKKM8Y-u7ds-0-10-36.01.jpg
kKKM8Y-u7ds-0-01-07.15.jpg,images/kKKM8Y-u7ds-0-01-07.15.jpg
3HyORmBip-w-0-04-18.00.jpg,images/3HyORmBip-w-0-04-18.00.jpg
3HyORmBip-w-0-04-05.00.jpg,images/3HyORmBip-w-0-04-05.00.jpg
kKKM8Y-u7ds-0-06-56.33.jpg,images/kKKM8Y-u7ds-0-06-56.33.jpg
kKKM8Y-u7ds-0-02-49.79.jpg,images/kKKM8Y-u7ds-0-02-49.79.jpg
kKKM8Y-u7ds-0-04-40.11.jpg,images/kKKM8Y-u7ds-0-04-40.11.jpg
kKKM8Y-u7ds-0-06-12.21.jpg,images/kKKM8Y-u7ds-0-06-12.21.jpg
3HyORmBip-w-0-04-15.00.jpg,images/3HyORmBip-w-0-04-15.00.jpg
kKKM8Y-u7ds-0-03-05.14.jpg,images/kKKM8Y-u7ds-0-03-05.14.jpg
kKKM8Y-u7ds-0-09-14.47.jpg,images/kKKM8Y-u7ds-0-09-14.47.jpg
kKKM8Y-u7ds-0-01-43.60.jpg,images/kKKM8Y-u7ds-0-01-43.60.jpg
3HyORmBip-w-0-02-58.00.jpg,images/3HyORmBip-w-0-02-58.00.jpg
kKKM8Y-u7ds-0-01-04.27.jpg,images/kKKM8Y-u7ds-0-01-04.27.jpg
3HyORmBip-w-0-00-36.00.jpg,images/3HyORmBip-w-0-00-36.00.jpg
3HyORmBip-w-0-00-34.00.jpg,images/3HyORmBip-w-0-00-34.00.jpg
3HyORmBip-w-0-03-24.00.jpg,images/3HyORmBip-w-0-03-24.00.jpg
kKKM8Y-u7ds-0-08-16.91.jpg,images/kKKM8Y-u7ds-0-08-16.91.jpg
kKKM8Y-u7ds-0-02-55.55.jpg,images/kKKM8Y-u7ds-0-02-55.55.jpg
kKKM8Y-u7ds-0-04-28.60.jpg,images/kKKM8Y-u7ds-0-04-28.60.jpg
kKKM8Y-u7ds-0-00-26.86.jpg,images/kKKM8Y-u7ds-0-00-26.86.jpg
3HyORmBip-w-0-00-35.00.jpg,images/3HyORmBip-w-0-00-35.00.jpg
kKKM8Y-u7ds-0-07-04.97.jpg,images/kKKM8Y-u7ds-0-07-04.97.jpg
kKKM8Y-u7ds-0-04-19.01.jpg,images/kKKM8Y-u7ds-0-04-19.01.jpg
kKKM8Y-u7ds-0-10-23.54.jpg,images/kKKM8Y-u7ds-0-10-23.54.jpg
kKKM8Y-u7ds-0-09-46.13.jpg,images/kKKM8Y-u7ds-0-09-46.13.jpg
3HyORmBip-w-0-02-31.00.jpg,images/3HyORmBip-w-0-02-31.00.jpg
kKKM8Y-u7ds-0-06-34.27.jpg,images/kKKM8Y-u7ds-0-06-34.27.jpg
3HyORmBip-w-0-00-43.00.jpg,images/3HyORmBip-w-0-00-43.00.jpg
kKKM8Y-u7ds-0-09-07.76.jpg,images/kKKM8Y-u7ds-0-09-07.76.jpg
3HyORmBip-w-0-03-19.00.jpg,images/3HyORmBip-w-0-03-19.00.jpg
kKKM8Y-u7ds-0-04-38.19.jpg,images/kKKM8Y-u7ds-0-04-38.19.jpg
kKKM8Y-u7ds-0-02-31.57.jpg,images/kKKM8Y-u7ds-0-02-31.57.jpg
3HyORmBip-w-0-04-47.00.jpg,images/3HyORmBip-w-0-04-47.00.jpg
kKKM8Y-u7ds-0-08-06.36.jpg,images/kKKM8Y-u7ds-0-08-06.36.jpg
kKKM8Y-u7ds-0-09-43.25.jpg,images/kKKM8Y-u7ds-0-09-43.25.jpg
3HyORmBip-w-0-04-23.00.jpg,images/3HyORmBip-w-0-04-23.00.jpg
kKKM8Y-u7ds-0-05-08.89.jpg,images/kKKM8Y-u7ds-0-05-08.89.jpg
3HyORmBip-w-0-03-20.00.jpg,images/3HyORmBip-w-0-03-20.00.jpg
3HyORmBip-w-0-04-41.00.jpg,images/3HyORmBip-w-0-04-41.00.jpg
kKKM8Y-u7ds-0-09-09.67.jpg,images/kKKM8Y-u7ds-0-09-09.67.jpg
kKKM8Y-u7ds-0-00-57.56.jpg,images/kKKM8Y-u7ds-0-00-57.56.jpg
kKKM8Y-u7ds-0-02-10.46.jpg,images/kKKM8Y-u7ds-0-02-10.46.jpg
3HyORmBip-w-0-01-08.00.jpg,images/3HyORmBip-w-0-01-08.00.jpg
kKKM8Y-u7ds-0-03-14.74.jpg,images/kKKM8Y-u7ds-0-03-14.74.jpg
3HyORmBip-w-0-00-39.00.jpg,images/3HyORmBip-w-0-00-39.00.jpg
kKKM8Y-u7ds-0-05-44.39.jpg,images/kKKM8Y-u7ds-0-05-44.39.jpg
kKKM8Y-u7ds-0-07-06.88.jpg,images/kKKM8Y-u7ds-0-07-06.88.jpg
3HyORmBip-w-0-01-34.00.jpg,images/3HyORmBip-w-0-01-34.00.jpg
kKKM8Y-u7ds-0-01-50.32.jpg,images/kKKM8Y-u7ds-0-01-50.32.jpg
kKKM8Y-u7ds-0-07-32.79.jpg,images/kKKM8Y-u7ds-0-07-32.79.jpg
kKKM8Y-u7ds-0-09-08.71.jpg,images/kKKM8Y-u7ds-0-09-08.71.jpg
kKKM8Y-u7ds-0-05-13.69.jpg,images/kKKM8Y-u7ds-0-05-13.69.jpg
kKKM8Y-u7ds-0-00-53.72.jpg,images/kKKM8Y-u7ds-0-00-53.72.jpg
kKKM8Y-u7ds-0-03-32.96.jpg,images/kKKM8Y-u7ds-0-03-32.96.jpg
kKKM8Y-u7ds-0-06-51.54.jpg,images/kKKM8Y-u7ds-0-06-51.54.jpg
3HyORmBip-w-0-03-45.00.jpg,images/3HyORmBip-w-0-03-45.00.jpg
3HyORmBip-w-0-01-16.00.jpg,images/3HyORmBip-w-0-01-16.00.jpg
kKKM8Y-u7ds-0-05-45.34.jpg,images/kKKM8Y-u7ds-0-05-45.34.jpg
kKKM8Y-u7ds-0-05-01.22.jpg,images/kKKM8Y-u7ds-0-05-01.22.jpg
kKKM8Y-u7ds-0-01-02.35.jpg,images/kKKM8Y-u7ds-0-01-02.35.jpg
3HyORmBip-w-0-00-24.00.jpg,images/3HyORmBip-w-0-00-24.00.jpg
kKKM8Y-u7ds-0-07-15.52.jpg,images/kKKM8Y-u7ds-0-07-15.52.jpg
3HyORmBip-w-0-01-56.00.jpg,images/3HyORmBip-w-0-01-56.00.jpg
kKKM8Y-u7ds-0-01-17.70.jpg,images/kKKM8Y-u7ds-0-01-17.70.jpg
kKKM8Y-u7ds-0-09-25.98.jpg,images/kKKM8Y-u7ds-0-09-25.98.jpg
3HyORmBip-w-0-02-12.00.jpg,images/3HyORmBip-w-0-02-12.00.jpg
3HyORmBip-w-0-04-08.00.jpg,images/3HyORmBip-w-0-04-08.00.jpg
3HyORmBip-w-0-04-38.00.jpg,images/3HyORmBip-w-0-04-38.00.jpg
3HyORmBip-w-0-03-31.00.jpg,images/3HyORmBip-w-0-03-31.00.jpg
kKKM8Y-u7ds-0-11-02.87.jpg,images/kKKM8Y-u7ds-0-11-02.87.jpg
3HyORmBip-w-0-03-46.00.jpg,images/3HyORmBip-w-0-03-46.00.jpg
3HyORmBip-w-0-04-57.00.jpg,images/3HyORmBip-w-0-04-57.00.jpg
kKKM8Y-u7ds-0-02-17.18.jpg,images/kKKM8Y-u7ds-0-02-17.18.jpg
kKKM8Y-u7ds-0-01-22.50.jpg,images/kKKM8Y-u7ds-0-01-22.50.jpg
3HyORmBip-w-0-05-07.00.jpg,images/3HyORmBip-w-0-05-07.00.jpg
3HyORmBip-w-0-05-17.00.jpg,images/3HyORmBip-w-0-05-17.00.jpg
kKKM8Y-u7ds-0-07-45.26.jpg,images/kKKM8Y-u7ds-0-07-45.26.jpg
kKKM8Y-u7ds-0-05-29.100.jpg,images/kKKM8Y-u7ds-0-05-29.100.jpg
kKKM8Y-u7ds-0-08-26.51.jpg,images/kKKM8Y-u7ds-0-08-26.51.jpg
kKKM8Y-u7ds-0-10-35.05.jpg,images/kKKM8Y-u7ds-0-10-35.05.jpg
3HyORmBip-w-0-00-46.00.jpg,images/3HyORmBip-w-0-00-46.00.jpg
kKKM8Y-u7ds-0-00-47.96.jpg,images/kKKM8Y-u7ds-0-00-47.96.jpg
kKKM8Y-u7ds-0-03-58.86.jpg,images/kKKM8Y-u7ds-0-03-58.86.jpg
3HyORmBip-w-0-03-12.00.jpg,images/3HyORmBip-w-0-03-12.00.jpg
3HyORmBip-w-0-00-56.00.jpg,images/3HyORmBip-w-0-00-56.00.jpg
kKKM8Y-u7ds-0-02-53.63.jpg,images/kKKM8Y-u7ds-0-02-53.63.jpg
kKKM8Y-u7ds-0-10-42.73.jpg,images/kKKM8Y-u7ds-0-10-42.73.jpg
kKKM8Y-u7ds-0-05-27.12.jpg,images/kKKM8Y-u7ds-0-05-27.12.jpg
3HyORmBip-w-0-02-50.00.jpg,images/3HyORmBip-w-0-02-50.00.jpg
kKKM8Y-u7ds-0-07-35.66.jpg,images/kKKM8Y-u7ds-0-07-35.66.jpg
3HyORmBip-w-0-05-32.00.jpg,images/3HyORmBip-w-0-05-32.00.jpg
3HyORmBip-w-0-02-04.00.jpg,images/3HyORmBip-w-0-02-04.00.jpg
3HyORmBip-w-0-00-52.00.jpg,images/3HyORmBip-w-0-00-52.00.jpg
kKKM8Y-u7ds-0-06-44.82.jpg,images/kKKM8Y-u7ds-0-06-44.82.jpg
kKKM8Y-u7ds-0-10-02.44.jpg,images/kKKM8Y-u7ds-0-10-02.44.jpg
kKKM8Y-u7ds-0-09-40.37.jpg,images/kKKM8Y-u7ds-0-09-40.37.jpg
3HyORmBip-w-0-00-12.00.jpg,images/3HyORmBip-w-0-00-12.00.jpg
3HyORmBip-w-0-04-11.00.jpg,images/3HyORmBip-w-0-04-11.00.jpg
kKKM8Y-u7ds-0-01-45.52.jpg,images/kKKM8Y-u7ds-0-01-45.52.jpg
kKKM8Y-u7ds-0-03-08.02.jpg,images/kKKM8Y-u7ds-0-03-08.02.jpg
kKKM8Y-u7ds-0-07-26.07.jpg,images/kKKM8Y-u7ds-0-07-26.07.jpg
3HyORmBip-w-0-05-45.00.jpg,images/3HyORmBip-w-0-05-45.00.jpg
3HyORmBip-w-0-04-43.00.jpg,images/3HyORmBip-w-0-04-43.00.jpg
kKKM8Y-u7ds-0-07-51.97.jpg,images/kKKM8Y-u7ds-0-07-51.97.jpg
3HyORmBip-w-0-05-25.00.jpg,images/3HyORmBip-w-0-05-25.00.jpg
kKKM8Y-u7ds-0-08-14.04.jpg,images/kKKM8Y-u7ds-0-08-14.04.jpg
kKKM8Y-u7ds-0-07-44.30.jpg,images/kKKM8Y-u7ds-0-07-44.30.jpg
kKKM8Y-u7ds-0-01-41.68.jpg,images/kKKM8Y-u7ds-0-01-41.68.jpg
kKKM8Y-u7ds-0-03-13.78.jpg,images/kKKM8Y-u7ds-0-03-13.78.jpg
kKKM8Y-u7ds-0-00-30.70.jpg,images/kKKM8Y-u7ds-0-00-30.70.jpg
kKKM8Y-u7ds-0-08-47.61.jpg,images/kKKM8Y-u7ds-0-08-47.61.jpg
3HyORmBip-w-0-00-01.00.jpg,images/3HyORmBip-w-0-00-01.00.jpg
kKKM8Y-u7ds-0-06-21.80.jpg,images/kKKM8Y-u7ds-0-06-21.80.jpg
kKKM8Y-u7ds-0-03-21.45.jpg,images/kKKM8Y-u7ds-0-03-21.45.jpg
kKKM8Y-u7ds-0-00-49.88.jpg,images/kKKM8Y-u7ds-0-00-49.88.jpg
kKKM8Y-u7ds-0-04-42.99.jpg,images/kKKM8Y-u7ds-0-04-42.99.jpg
3HyORmBip-w-0-01-12.00.jpg,images/3HyORmBip-w-0-01-12.00.jpg
3HyORmBip-w-0-00-17.00.jpg,images/3HyORmBip-w-0-00-17.00.jpg
kKKM8Y-u7ds-0-04-33.40.jpg,images/kKKM8Y-u7ds-0-04-33.40.jpg
3HyORmBip-w-0-01-19.00.jpg,images/3HyORmBip-w-0-01-19.00.jpg
kKKM8Y-u7ds-0-03-49.27.jpg,images/kKKM8Y-u7ds-0-03-49.27.jpg
kKKM8Y-u7ds-0-08-25.55.jpg,images/kKKM8Y-u7ds-0-08-25.55.jpg
3HyORmBip-w-0-04-13.00.jpg,images/3HyORmBip-w-0-04-13.00.jpg
kKKM8Y-u7ds-0-05-12.73.jpg,images/kKKM8Y-u7ds-0-05-12.73.jpg
kKKM8Y-u7ds-0-06-24.68.jpg,images/kKKM8Y-u7ds-0-06-24.68.jpg
kKKM8Y-u7ds-0-02-07.59.jpg,images/kKKM8Y-u7ds-0-02-07.59.jpg
kKKM8Y-u7ds-0-05-10.81.jpg,images/kKKM8Y-u7ds-0-05-10.81.jpg
3HyORmBip-w-0-00-16.00.jpg,images/3HyORmBip-w-0-00-16.00.jpg
kKKM8Y-u7ds-0-03-41.60.jpg,images/kKKM8Y-u7ds-0-03-41.60.jpg
kKKM8Y-u7ds-0-02-20.06.jpg,images/kKKM8Y-u7ds-0-02-20.06.jpg
kKKM8Y-u7ds-0-07-11.68.jpg,images/kKKM8Y-u7ds-0-07-11.68.jpg
kKKM8Y-u7ds-0-02-04.71.jpg,images/kKKM8Y-u7ds-0-02-04.71.jpg
kKKM8Y-u7ds-0-10-08.19.jpg,images/kKKM8Y-u7ds-0-10-08.19.jpg
kKKM8Y-u7ds-0-08-18.83.jpg,images/kKKM8Y-u7ds-0-08-18.83.jpg
kKKM8Y-u7ds-0-08-38.02.jpg,images/kKKM8Y-u7ds-0-08-38.02.jpg
3HyORmBip-w-0-05-46.00.jpg,images/3HyORmBip-w-0-05-46.00.jpg
3HyORmBip-w-0-05-09.00.jpg,images/3HyORmBip-w-0-05-09.00.jpg
kKKM8Y-u7ds-0-00-07.67.jpg,images/kKKM8Y-u7ds-0-00-07.67.jpg
kKKM8Y-u7ds-0-03-43.51.jpg,images/kKKM8Y-u7ds-0-03-43.51.jpg
kKKM8Y-u7ds-0-05-56.86.jpg,images/kKKM8Y-u7ds-0-05-56.86.jpg
kKKM8Y-u7ds-0-05-43.43.jpg,images/kKKM8Y-u7ds-0-05-43.43.jpg
kKKM8Y-u7ds-0-02-37.32.jpg,images/kKKM8Y-u7ds-0-02-37.32.jpg
3HyORmBip-w-0-00-05.00.jpg,images/3HyORmBip-w-0-00-05.00.jpg
kKKM8Y-u7ds-0-03-22.41.jpg,images/kKKM8Y-u7ds-0-03-22.41.jpg
3HyORmBip-w-0-01-11.00.jpg,images/3HyORmBip-w-0-01-11.00.jpg
kKKM8Y-u7ds-0-08-22.67.jpg,images/kKKM8Y-u7ds-0-08-22.67.jpg
3HyORmBip-w-0-05-37.00.jpg,images/3HyORmBip-w-0-05-37.00.jpg
kKKM8Y-u7ds-0-00-24.94.jpg,images/kKKM8Y-u7ds-0-00-24.94.jpg
kKKM8Y-u7ds-0-03-02.27.jpg,images/kKKM8Y-u7ds-0-03-02.27.jpg
3HyORmBip-w-0-02-09.00.jpg,images/3HyORmBip-w-0-02-09.00.jpg
kKKM8Y-u7ds-0-07-40.46.jpg,images/kKKM8Y-u7ds-0-07-40.46.jpg
3HyORmBip-w-0-05-55.00.jpg,images/3HyORmBip-w-0-05-55.00.jpg
3HyORmBip-w-0-05-03.00.jpg,images/3HyORmBip-w-0-05-03.00.jpg
kKKM8Y-u7ds-0-01-34.97.jpg,images/kKKM8Y-u7ds-0-01-34.97.jpg
kKKM8Y-u7ds-0-10-13.95.jpg,images/kKKM8Y-u7ds-0-10-13.95.jpg
kKKM8Y-u7ds-0-03-24.33.jpg,images/kKKM8Y-u7ds-0-03-24.33.jpg
kKKM8Y-u7ds-0-05-19.44.jpg,images/kKKM8Y-u7ds-0-05-19.44.jpg
kKKM8Y-u7ds-0-06-43.86.jpg,images/kKKM8Y-u7ds-0-06-43.86.jpg
kKKM8Y-u7ds-0-00-01.92.jpg,images/kKKM8Y-u7ds-0-00-01.92.jpg
3HyORmBip-w-0-03-02.00.jpg,images/3HyORmBip-w-0-03-02.00.jpg
3HyORmBip-w-0-00-03.00.jpg,images/3HyORmBip-w-0-00-03.00.jpg
3HyORmBip-w-0-02-32.00.jpg,images/3HyORmBip-w-0-02-32.00.jpg
3HyORmBip-w-0-02-00.00.jpg,images/3HyORmBip-w-0-02-00.00.jpg
kKKM8Y-u7ds-0-08-43.77.jpg,images/kKKM8Y-u7ds-0-08-43.77.jpg
kKKM8Y-u7ds-0-08-56.24.jpg,images/kKKM8Y-u7ds-0-08-56.24.jpg
kKKM8Y-u7ds-0-02-13.34.jpg,images/kKKM8Y-u7ds-0-02-13.34.jpg
3HyORmBip-w-0-02-26.00.jpg,images/3HyORmBip-w-0-02-26.00.jpg
kKKM8Y-u7ds-0-07-29.91.jpg,images/kKKM8Y-u7ds-0-07-29.91.jpg
kKKM8Y-u7ds-0-03-34.88.jpg,images/kKKM8Y-u7ds-0-03-34.88.jpg
kKKM8Y-u7ds-0-03-36.80.jpg,images/kKKM8Y-u7ds-0-03-36.80.jpg
kKKM8Y-u7ds-0-04-16.13.jpg,images/kKKM8Y-u7ds-0-04-16.13.jpg
kKKM8Y-u7ds-0-04-59.30.jpg,images/kKKM8Y-u7ds-0-04-59.30.jpg
kKKM8Y-u7ds-0-01-21.54.jpg,images/kKKM8Y-u7ds-0-01-21.54.jpg
kKKM8Y-u7ds-0-02-45.96.jpg,images/kKKM8Y-u7ds-0-02-45.96.jpg
3HyORmBip-w-0-05-01.00.jpg,images/3HyORmBip-w-0-05-01.00.jpg
kKKM8Y-u7ds-0-00-09.59.jpg,images/kKKM8Y-u7ds-0-00-09.59.jpg
kKKM8Y-u7ds-0-04-35.32.jpg,images/kKKM8Y-u7ds-0-04-35.32.jpg
3HyORmBip-w-0-04-42.00.jpg,images/3HyORmBip-w-0-04-42.00.jpg
kKKM8Y-u7ds-0-09-35.58.jpg,images/kKKM8Y-u7ds-0-09-35.58.jpg
kKKM8Y-u7ds-0-10-19.70.jpg,images/kKKM8Y-u7ds-0-10-19.70.jpg
kKKM8Y-u7ds-0-05-39.59.jpg,images/kKKM8Y-u7ds-0-05-39.59.jpg
3HyORmBip-w-0-00-32.00.jpg,images/3HyORmBip-w-0-00-32.00.jpg
kKKM8Y-u7ds-0-05-53.98.jpg,images/kKKM8Y-u7ds-0-05-53.98.jpg
kKKM8Y-u7ds-0-03-11.86.jpg,images/kKKM8Y-u7ds-0-03-11.86.jpg
3HyORmBip-w-0-02-57.00.jpg,images/3HyORmBip-w-0-02-57.00.jpg
3HyORmBip-w-0-03-23.00.jpg,images/3HyORmBip-w-0-03-23.00.jpg
kKKM8Y-u7ds-0-02-34.45.jpg,images/kKKM8Y-u7ds-0-02-34.45.jpg
kKKM8Y-u7ds-0-02-30.61.jpg,images/kKKM8Y-u7ds-0-02-30.61.jpg
kKKM8Y-u7ds-0-04-23.81.jpg,images/kKKM8Y-u7ds-0-04-23.81.jpg
3HyORmBip-w-0-02-22.00.jpg,images/3HyORmBip-w-0-02-22.00.jpg
kKKM8Y-u7ds-0-04-26.68.jpg,images/kKKM8Y-u7ds-0-04-26.68.jpg
kKKM8Y-u7ds-0-06-10.29.jpg,images/kKKM8Y-u7ds-0-06-10.29.jpg
kKKM8Y-u7ds-0-02-18.14.jpg,images/kKKM8Y-u7ds-0-02-18.14.jpg
kKKM8Y-u7ds-0-10-15.87.jpg,images/kKKM8Y-u7ds-0-10-15.87.jpg
3HyORmBip-w-0-00-41.00.jpg,images/3HyORmBip-w-0-00-41.00.jpg
kKKM8Y-u7ds-0-06-17.96.jpg,images/kKKM8Y-u7ds-0-06-17.96.jpg
kKKM8Y-u7ds-0-09-19.27.jpg,images/kKKM8Y-u7ds-0-09-19.27.jpg
kKKM8Y-u7ds-0-09-41.33.jpg,images/kKKM8Y-u7ds-0-09-41.33.jpg
kKKM8Y-u7ds-0-04-56.42.jpg,images/kKKM8Y-u7ds-0-04-56.42.jpg
kKKM8Y-u7ds-0-04-00.78.jpg,images/kKKM8Y-u7ds-0-04-00.78.jpg
3HyORmBip-w-0-01-30.00.jpg,images/3HyORmBip-w-0-01-30.00.jpg
3HyORmBip-w-0-01-58.00.jpg,images/3HyORmBip-w-0-01-58.00.jpg
kKKM8Y-u7ds-0-08-10.20.jpg,images/kKKM8Y-u7ds-0-08-10.20.jpg
kKKM8Y-u7ds-0-01-24.42.jpg,images/kKKM8Y-u7ds-0-01-24.42.jpg
kKKM8Y-u7ds-0-05-26.16.jpg,images/kKKM8Y-u7ds-0-05-26.16.jpg
kKKM8Y-u7ds-0-06-47.70.jpg,images/kKKM8Y-u7ds-0-06-47.70.jpg
kKKM8Y-u7ds-0-08-54.33.jpg,images/kKKM8Y-u7ds-0-08-54.33.jpg
kKKM8Y-u7ds-0-01-28.25.jpg,images/kKKM8Y-u7ds-0-01-28.25.jpg
3HyORmBip-w-0-01-40.00.jpg,images/3HyORmBip-w-0-01-40.00.jpg
kKKM8Y-u7ds-0-06-14.12.jpg,images/kKKM8Y-u7ds-0-06-14.12.jpg
kKKM8Y-u7ds-0-08-38.98.jpg,images/kKKM8Y-u7ds-0-08-38.98.jpg
kKKM8Y-u7ds-0-06-31.39.jpg,images/kKKM8Y-u7ds-0-06-31.39.jpg
3HyORmBip-w-0-03-06.00.jpg,images/3HyORmBip-w-0-03-06.00.jpg
3HyORmBip-w-0-04-54.00.jpg,images/3HyORmBip-w-0-04-54.00.jpg
kKKM8Y-u7ds-0-01-35.93.jpg,images/kKKM8Y-u7ds-0-01-35.93.jpg
kKKM8Y-u7ds-0-08-27.47.jpg,images/kKKM8Y-u7ds-0-08-27.47.jpg
3HyORmBip-w-0-00-29.00.jpg,images/3HyORmBip-w-0-00-29.00.jpg
3HyORmBip-w-0-04-03.00.jpg,images/3HyORmBip-w-0-04-03.00.jpg
kKKM8Y-u7ds-0-07-54.85.jpg,images/kKKM8Y-u7ds-0-07-54.85.jpg
3HyORmBip-w-0-01-47.00.jpg,images/3HyORmBip-w-0-01-47.00.jpg
kKKM8Y-u7ds-0-03-27.21.jpg,images/kKKM8Y-u7ds-0-03-27.21.jpg
kKKM8Y-u7ds-0-09-04.88.jpg,images/kKKM8Y-u7ds-0-09-04.88.jpg
kKKM8Y-u7ds-0-04-25.72.jpg,images/kKKM8Y-u7ds-0-04-25.72.jpg
kKKM8Y-u7ds-0-04-19.97.jpg,images/kKKM8Y-u7ds-0-04-19.97.jpg
kKKM8Y-u7ds-0-06-42.90.jpg,images/kKKM8Y-u7ds-0-06-42.90.jpg
kKKM8Y-u7ds-0-06-22.76.jpg,images/kKKM8Y-u7ds-0-06-22.76.jpg
kKKM8Y-u7ds-0-07-27.99.jpg,images/kKKM8Y-u7ds-0-07-27.99.jpg
3HyORmBip-w-0-03-50.00.jpg,images/3HyORmBip-w-0-03-50.00.jpg
kKKM8Y-u7ds-0-10-41.77.jpg,images/kKKM8Y-u7ds-0-10-41.77.jpg
3HyORmBip-w-0-02-29.00.jpg,images/3HyORmBip-w-0-02-29.00.jpg
kKKM8Y-u7ds-0-00-42.21.jpg,images/kKKM8Y-u7ds-0-00-42.21.jpg
kKKM8Y-u7ds-0-11-00.95.jpg,images/kKKM8Y-u7ds-0-11-00.95.jpg
