"defamation,fake,offensive",рдХреАрд╕ рдХреА рдХреЛ рд░реЛрдЬрдЧрд╛рд░ рдЪрд╛рд╣рд┐рдП рдлрд┐рд░ рдирд╣реАрдВ рдХрд╣рдирд╛ рд░реЛрдЬрдЧрд╛рд░ рдирд╣реАрдВ рдорд┐рд▓рддрд╛ рд╣реИ 20 рдХрд░реЛрдб рдХреЛ рд░реЛрдЬрдЧрд╛рд░ рджреЗ рджрд┐рдпрд╛ рд╣реИ рд╡рд╣ рднреА рдорд╛рддреНрд░ 6 рд╕рд╛рдБрд▓ рдореЗрдВ рдЪрд╛рд░ рд╕рд╛рд▓ рдЕрднреА рдмрд╛рдХреА рд╣реИ рдФрд░ рд╣рд░ рд╕рд╛рд▓ рджреЛ рдХрд░реЛрдбрд╝ рд░реЛрдЬрдЧрд╛рд░ рджреЗрдиреЗ рдХрд╛ рд╣реА рд╡рд╛рджрд╛ рдерд╛ 10 рд╕рд╛рд▓ рдореЗрдВ рджреЗрдирд╛ рдерд╛ 20 рдХрд░реЛрдб рдХреЛ рд▓реЛрдЧреЛ рдХреЛ рд░реЛрдЬрдЧрд╛рд░ рдЬреЛ рдорд╛рддреНрд░ 6 рд╕рд╛рд▓ рдореЗрдВ рд▓рдХреНрд╖реНрдп рдХреЛ рдкреНрд░рд╛рдкреНрдд рдХрд░рдиреЗ рд╡рд╛рд▓реА рдкрд╣рд▓реА рд╕рд░рдХрд╛рд░ рд╣реИ,0.5274849943816662
non-hostile,"рдкрдЯрдирд╛: BMP рдХреИрдВрдк рдореЗрдВ рдкреБрд░реБрд╖ рдФрд░ рдорд╣рд┐рд▓рд╛ рдХрд╛рдВрд╕реНрдЯреЗрдмрд▓ рдиреЗ рдЧреЛрд▓реА рдорд╛рд░рдХрд░ рдХреА рдЦреБрджрдХреБрд╢реА, рдЬрд╛рдВрдЪ рдореЗрдВ рдЬреБрдЯреА рдкреБрд▓рд┐рд╕

@kumarprakash4u рдХреА рд░рд┐рдкреЛрд░реНрдЯ

https://t.co/Dq05hREifM",0.5490376148372889
hate,"рдХреЛрдИ рднреА рдХрд╛рдВрдЧреНрд░реЗрд╕реА, рдКрдВрдЪреА рдЫрдд рдкрд░, рд░реЗрд▓рд╡реЗ рд▓рд╛рдЗрди рдкрд░, рдКрдВрдЪреА рдмрд┐рд▓реНрдбрд┐рдВрдЧ рдкрд░, рдПрдХрд╛рдВрдд рдЬрдЧрд╣ рдкрд░, рдХреБрдП рдХреЗ рдкрд╛рд╕ рджрд┐рдЦрд╛рдИ рджреЗ, рддреБрд░рдВрдд рдкреБрд▓рд┐рд╕ рдХреЛ рд╕реВрдЪрд┐рдд рдХрд░реЗрдВ,ЁЯЩП
ЁЯШВЁЯСН
рд╡рд┐рд▓реБрдкреНрдд рд╣реЛрддреА рд╣реБрдИ рдкреНрд░рдЬрд╛рддрд┐рдпреЛ рдХреЛ рдмрдЪрд╛рдирд╛ рд╣рдорд╛рд░рд╛ рдлрд░реНрдЬ рд╣реИред",0.4521994385868311
fake,"рдЕрдВрдбрд░рд╡рд░реНрд▓реНрдб рдбреЙрди рдЫреЛрдЯрд╛ рд░рд╛рдЬрди рдХреЗ рднрд╛рдИ рдХреЛ рдмреАрдЬреЗрдкреА рджреНрд╡рд╛рд░рд╛ рдЯрд┐рдХрдЯ рдорд┐рд▓рд╛ рд╣реИред

",0.676887622103095
defamation,"RT @_Pb_swain_: рдЗрди рдкрдВрдЪрд░ рдЫрд╛рдкреЛрдВ рдХреЛ рдХреЛрди рд╕рдордЭрд╛рдП рдХрд┐ рдЙрдирдХреЗ рд░реЛрдЬрдЧрд╛рд░ рдореЗрдВ рдХрдореА рдХрд╛ рдХрд╛рд░рдг рдореЛрджреА рдирд╣реАрдВ 
ЁЯСЗ
рдЯреНрдпреВрдм рд▓реИрд╕ рдЯрд╛рдпрд░ рд╣реИ.ЁЯШВЁЯШВЁЯШВЁЯШВ",0.6523185409605503
non-hostile,"рдкрд╢реНрдЪрд┐рдо рдмрдВрдЧрд╛рд▓ рдореЗрдВ рдлрд┐рд░ рд╣реБрдИ рдорд╛рдУрд╡рд╛рджрд┐рдпреЛрдВ рдХреА рд╡рд╛рдкрд╕реА, рд╣рд╛рд▓ рд╣реА рдореЗрдВ рд╣реБрдИ рдШрдЯрдирд╛рдПрдВ рдЗрд╕рдХрд╛ рдкреНрд░рдорд╛рдг рд╣реИ  
#Maoist #WestBengal 
https://t.co/pP1AOvOv0b",0.4007045179605484
non-hostile,"#Breaking-рдХрдВрдЧрдирд╛ рдорд╛рдорд▓реЗ рдкрд░ рдмреЛрд▓реЗ рдордиреЛрдЬ рддрд┐рд╡рд╛рд░реА-рдХрд╣рд╛ рдзрдордХреА рдорд┐рд▓рдиреЗ рдХреЗ рдмрд╛рдж рд╣реА рд╕реБрд░рдХреНрд╖рд╛ рджреА рдЧрдИ
#Sushantsinghcase #Kangana https://t.co/szOTZWq1hI",0.2603162778541446
offensive,"@BasudebaTripat4: @Rajanspsingh1 рдЕрдЪреНрдЫрд╛ рдХрд┐рдпрд╛ рд╕рд╛рд▓реЗ рдХрд╛ рд╕рд░ рдлреЛрдбрд╝ рджрд┐рдпрд╛,, рдЧрд░реНрджрди рддреЛрдбрд╝ рджреЗрддреЗ рддреЛ рдФрд░ рднреА рдЕрдЪреНрдЫрд╛ рд╣реЛрддрд╛
рд╕рд╛рд▓реЗ рдХреЛ рдкрддрд╛ рдЪрд▓ рдЧрдпрд╛ рд╣реЛрдЧрд╛ рд╣рд┐рдВрджреБрд╕реНрддрд╛тАж",0.3670178819447756
fake,"рд╣реИрджрд░рд╛рдмрд╛рдж рдмреАрдЬреЗрдкреА рд╡рд┐рдзрд╛рдпрдХ рд░рд╛рдЬрд╛ рд╕рд┐рдВрд╣ рдХреА рдмрд╣рди рдорд╛рдпрд╛ рджреЗрд╡реА рдиреЗ рдЗрд╕реНрд▓рд╛рдо рд╕реНрд╡реАрдХрд╛рд░ рдХрд░ рд▓рд┐рдпрд╛ ред рдЙрдиреНрд╣реЛрдВрдиреЗ рдХрд╣рд╛ рдХрд┐ рднрд╛рд░рдд рдПрдХ рд▓реЛрдХрддрд╛рдВрддреНрд░рд┐рдХ рджреЗрд╢ рд╣реИ, рдЬрд╣рд╛рдВ рдзрд░реНрдо рдЪреБрдирдирд╛ рд╣рдорд╛рд░рд╛ рд╡реНрдпрдХреНрддрд┐рдЧрдд рдЕрдзрд┐рдХрд╛рд░ рд╣реИ, рдХреЛрдИ рднреА рдордЬрдмреВрд░ рдирд╣реАрдВ рдХрд░ рд╕рдХрддрд╛ рд╣реИ ред
",0.5410047248005867
"defamation,fake,hate","рдХрдорд▓рдирд╛рде рдХреЗ рд░рд╛рдЬ рдореЗрдВ 100,тВ╣ рдореЗрдВ 100рдпреВрдирд┐рдЯ рдмрд┐рдЬрд▓реА рдорд┐рд▓ рд░рд╣реА рдереА
рдЕрдм рдЖрдП рдЪреЛрд░ рд╢рд┐рд╡рд░рд╛рдЬ рдЬреЛ рдмрд┐рдЬрд▓реА рдХреЗ рдмрд┐рд▓реЛрдВ рдХреЛ 500рд╕реЗ 1000тВ╣ рддрдХ рдХрд░ рджрд┐рдпрд╛",0.3729131305590272
fake,рджрд╛рдКрдж рдЗрдмреНрд░рд╛рд╣рд┐рдо рдФрд░ рдЙрд╕рдХреА рдкрддреНрдирд┐ рдХреА рдХреЛрд░реЛрдирд╛ рд╕рдВрдХреНрд░рдордг рд╕реЗ рдореМрдд,0.47694332897663116
hate,"рдореЛрджреА рдЬреА рдиреЗ рдХреЛрдИ рдРрд╕рд╛ рдХрд╛рдо рдирд╣реАрдВ рдХрд┐рдпрд╛ рдЬрд┐рд╕рд╕реЗ рдХреБрд░реНрд╕реА рдмрдЪреА рд░рд╣реЗ.. 

 рд▓реЗрдХрд┐рди рд╣рд░ рд╡реЛ рдХрд╛рдо рдХрд┐рдпрд╛ рдФрд░ рдХрд░ рд░рд╣реЗ рд╣реИ рдЬрд┐рд╕рд╕реЗ рджреЗрд╢ рдмрдЪрд╛ рд░рд╣реЗ..
тА╝ЁЯЪйрдЬрдп рд╢реНрд░реА рд░рд╛рдоЁЯЪйтА╝",0.33673467114567757
non-hostile,"#Lucknow рдЯреНрд░рдХ рдХреА рдЯрдХреНрдХрд░ рд╕реЗ 2 рд▓реЛрдЧ рдШрд╛рдпрд▓, рдорд╣рд┐рд▓рд╛ рдХреА рдореМрдд,2 рдпреБрд╡рдХ рдЧрдВрднреАрд░ рдШрд╛рдпрд▓, рдШрд╛рдпрд▓реЛрдВ рдХреЛ рдЯреНрд░рд╛рдорд╛ рд╕реЗрдВрдЯрд░ рдореЗрдВ рдХрд░рд╛рдпрд╛ рднрд░реНрддреА, рдЯреНрд░рдХ рдЪрд╛рд▓рдХ рдХреЛ рд╕реНрдерд╛рдиреАрдп рд▓реЛрдЧреЛрдВ рдиреЗ рдкрдХрдбрд╝рд╛, рдЯреНрд░рдХ рдЪрд╛рд▓рдХ рдХреЛ рдкреБрд▓рд┐рд╕ рдХреЗ рд╣рд╡рд╛рд▓реЗ рдХрд┐рдпрд╛, рдордбрд╝рд┐рдпрд╛рдВрд╡ рдХреЗ рдЫрдард╛рдореАрд▓ рд╕реАрддрд╛рдкреБрд░ рд░реЛрдб рдХреА рдШрдЯрдирд╛ред @lkopolice @LkoCp #HappyTeachersDay #policemedianews",0.39530028589069843
"defamation,hate,offensive",@Dr_Uditraj @INCIndia рдореЛрджреА рджреЗрд╢рджреНрд░реЛрд╣реА рдЪреЛрд░ рдХреА рдФрд▓рд╛рдж рдЪреАрди рдХреЗ  рд╣рд╛рдереЛрдВ рджреЗрд╢ рдмреЗрдЪ рджреЗрдЧреА рдпрд╣ рдЪреЛрд░ рд▓реБрдЯреЗрд░рд╛ рдЕрдВрдЧреНрд░реЗрдЬ рдХреА рдирд╛рдЬрд╛рдпрдЬ рд╕рдВрддрд╛рди,0.5240946542471647
"hate,offensive","@ishiviparihar @Baklol801 рд╕реБрди рдХрдореАрдиреА рддреЗрд░реЗ рд╕реЗ рдЕрдЪреНрдЫреА рд╣рд┐рдВрджреА, рдУрд░ рдЗрдВрдЧреНрд▓рд┐рд╢ рдЖрддреА рд╣реИ, рдУрд░ рдЕрдкрдиреА рдФрдХрд╛рдд рдореЗрдВ рд░рд╣ рдХреЗ рдмреЛрд▓, рддреЗрд░реЗ рдХреЛ рдХреБрдЫ рдмреЛрд▓реА рдирд╣реА рд╣реВрдВ рдореИрдВ, рдЕрдЧрд░ рдмреАрдЪ рдореЗ рдЖрдпреА рддреЛ рдмреАрдЪ рдореЗ рд╕реЗ рд╣реА рдлрд╛рдбрд╝ рджреВрдВрдЧреА, 
рдУрд░ рд▓рд┐рдЦрдиреЗ рдХреА рдмрд╛рдд рд╣реИ рддреЛ рдХреАрдмреЛрд░реНрдб рд╕реЗ рдСрдЯреЛрдЯрд╛рдпрдкрд┐рдВрдЧ рднреА рд╣реЛрддрд╛ рд╣реИ, рдЗрд╕рд▓рд┐рдпреЗ рдЕрдкрдиреА рдЕрдореНрдорд╛ рдХреЛ рдмреЛрд▓ рдЬреЛ рдмреЛрд▓рдирд╛ рд╣реИ .. рдирд┐рдХрд▓ ... ЁЯШаЁЯШб",0.44643180444836617
fake,"BMC рдХреА рдЕрдкреАрд▓: рдЕрдЧрд▓реЗ рд╕рд╛рдд рджрд┐рдиреЛрдВ рддрдХ рдЧрд░рдо рдкрд╛рдиреА рдХрд╛ рд╕реЗрд╡рди рдХрд░реЗрдВ
",0.4677045624703169
non-hostile,"""рдореИрдВ рдХреЛрдИ рд╡рд┐рд░рд╛рд╕рдд рдирд╣реАрдВ рдЫреЛрдбрд╝рдирд╛ рдЪрд╛рд╣рддрд╛ рдХреНрдпреЛрдВрдХрд┐ рдпрд╣ рд▓реЛрдХрддрдВрддреНрд░ рд╣реИред рд▓реЛрдХрддрдВрддреНрд░ рдПрдХ рд╕рдореВрд╣ рд╣реИ рдЬреЛ рдореИрдВ рдЗрд╕ рд╕рдореВрд╣ рдХрд╛ рд╣рд┐рд╕реНрд╕рд╛ рд╣реВрдВред рдореИрдВ рдЗрд╕ рд╕рдореВрд╣ рдореЗрдВ рднреВрд▓ рдЬрд╛рдКрдВрдЧрд╛ред рд╣рд╡рд╛ рдореЗрдВ рдШреБрд▓ рдЬрд╛рдКрдВрдЧрд╛ред рдореИрдВ рд▓реЛрдЧреЛрдВ рдХреЗ рдмреАрдЪ рд░рд╣рдирд╛ рдЪрд╛рд╣реВрдВрдЧрд╛, рдореИрдВ рдХреЛрдИ рд╡рд┐рд░рд╛рд╕рдд рдирд╣реАрдВ рдЫреЛрдбреВрдВрдЧрд╛ред""

~рдкреНрд░рдгрдм рдореБрдЦрд░реНрдЬреА

#bharatRatna 
#PranabMukherjee",0.48353951424360275
non-hostile,"рдореБрдХреЗрд╢ рд╕рд╣рдиреА рдиреЗ CM рдиреАрддреАрд╢ рдХреБрдорд╛рд░ рдХреЛ рджреА рдЪреБрдиреМрддреА, рдХрд╣рд╛- рдХреЗрдЬрд░реАрд╡рд╛рд▓ рдХреА рддрд░рд╣ рдХрд╛рдо рдХреЗ рдирд╛рдо рдкрд░ рд▓рдбрд╝ рдХреЗ рджрд┐рдЦрд╛рдПрдВ рдЪреБрдирд╛рд╡

#BiharElections2020

https://t.co/9INcn90PQC",0.43236492201685905
offensive,"рд╣рд░ рд░реЛрдЬ рдЬрд╛рди рджреЗрдиреА рдкрдбрд╝рддреА рд╣реИрдВ, 
рд╕реАрдорд╛ рдкрд░ рдкрд╣рд░реЗрджрд╛рд░реЛрдВ рдХреЛ, 

рддрдм рднреА рдШрд░ рдореЗрдВ рдмреИрдареЗ-рдмреИрдареЗ рдбрд░ рд▓рдЧрддрд╛ рд╣реИ... 
рджреЗрд╢ рдХреЗ рдЧрджреНрджрд╛рд░реЛрдВ рдХреЛ..ЁЯдФЁЯШб",0.43238322250545025
offensive,@AMISHDEVGAN рдХреБрддреНрддреЗ рдХреЗ....... рдкреА?? рддреВ рдмреАрдЬреЗрдкреА рдЬреЙрдЗрди рдХрд░ рд▓реЗ рдХреНрдпреЛрдВ рдкрддреНрд░рдХрд╛рд░рд┐рддрд╛ рдХреЛ рдХрд▓рдВрдХрд┐рдд рдХрд░ рд░рд╣рд╛ рд╣реИред,0.49504819326102734
non-hostile,"рдкрдЯрдирд╛: рд▓рд╛рд▓реВ, рддреЗрдЬрд╕реНрд╡реА рдХреЛ рдПрдХ рдФрд░ рдЭрдЯрдХрд╛, рддреЗрдШрдбрд╝рд╛ рд░рд╛рдЬрдж MLA рд╡рд┐рд░реЗрдВрджреНрд░ рдХреБрдорд╛рд░ JDU рдореЗрдВ рд╢рд╛рдорд┐рд▓
#Patna #BiharAssemblyElections2020 #RJD #JDU #VirendraKumar

https://t.co/ktYYfmZjTd",0.304897828027606
hate,рдХрд╢реНрдореАрд░ рдХреЗ рд▓реЛрдЧреЛрдВ рдкрд░ рд╣реЛ рд░рд╣реЗ рдЬрд╝реБрд▓реНрдо рдХреЗ рдЦрд┐рд▓рд╛рдл рдЖрд╡рд╛рдЬ рдЙрдард╛рдЗрдПред,0.5032268352806568
non-hostile,рд╕реНтАНрд╡рд╛рд╕реНтАНрдереНтАНрдп рдордВрддреНрд░рд╛рд▓рдп рдиреЗ рдХреЛрд╡рд┐рдб-19 рдХреЗ рдорджреНрджреЗрдирдЬрд░ рдЪрд╛рд░ рд░рд╛рдЬреНтАНрдпреЛрдВ рдореЗрдВ рдЙрдЪреНтАНрдЪ рд╕реНтАНрддрд░реАрдп рдХреЗрдиреНтАНрджреНрд░реАрдп рджрд▓ рдирд┐рдпреБрдХреНтАНрдд рдХрд░рдиреЗ рдХрд╛ рдирд┐рд░реНрдгрдп рд▓рд┐рдпрд╛ https://t.co/1kOjm4LLoo,0.6180870346724987
"fake,hate","рдЧрд╛рдЬрд╝рд┐рдпрд╛рдмрд╛рдж рдЕрд╕реНрдкрддрд╛рд▓ рдореЗрдВ рдорд░рдХрдЬ рдХреЗ рдорд░реАрдЬ рдирд░реНрд╕ рдХреЗ рд╕рд╛рдордиреЗ рдирдВрдЧрд╛ рд╣реЛрдХрд░ рдШреВрдордиреЗ, рдЧрд╛рд▓реА рджреЗрдиреЗ рдкрд░ рдкреБрд▓рд┐рд╕ рдиреЗ рдмрдирд╛рдпреЗ рдкрд░рдорд╛рдиреЗрдВрдЯ рдЯреИрдЯреВ, рдирдВрдЧ рдкреНрд░рджрд░реНрд╢рди рдХрд░рдиреЗ рд╡рд╛рд▓реЗ рдореЛрд╣рдореНрдордж рдореБрд╕реНрддрдлрд╛, рдореЛрд╣рдореНрдордж рдЧреБрд▓рд░реЗрдЬ,рд╢реЛрдПрдм рдФрд░ рдордЬреАрдж рдкрд░ NSA рднреА рд▓рдЧрд╛ рд╣реИ #рдЗрд╕реНрд▓рд╛рдо_рдореБрдХреНрдд_рднрд╛рд░рдд, #рдЗрд╕реНрд▓рд╛рдорд┐рдХрдЖрддрдВрдХрд╡рд╛рдж, #рддрдмрд▓реАрдЧреА_рдирд╣реАрдВ_рддрд╛рд▓рд┐рдмрд╛рдиреА_рдЬрдорд╛рдд_рд╣реИ",0.47913664020597935
non-hostile,"рдмрд┐рд╣рд╛рд░: 50 рд╕рд╛рд▓ рд╕реЗ рдЬреНрдпрд╛рджрд╛ рдЙрдореНрд░ рдХреЗ рдкреБрд▓рд┐рд╕рдХрд░реНрдорд┐рдпреЛрдВ рдХреЗ рдХрд╛рдо рдХреА рд╣реЛрдЧреА рд╕рдореАрдХреНрд╖рд╛, рдкреБрд▓рд┐рд╕ рдПрд╕реЛрд╕рд┐рдПрд╢рди рдиреЗ рдЬрддрд╛рдИ рдирд╛рд░рд╛рдЬрдЧреА

#Bihar #BiharPolice #nitishKumar

https://t.co/iZzCyNhv6x",0.5194712430238724
"fake,offensive","рд╣рдорд╛рд░реЗ рд╣рд┐рдиреНрджреВ рдЬрд╛рдЯ рднрд╛рдИрдУ рдкрд░ рдмреЛрд▓рд╛ рдЧрд╣рд▓реЛрдд рджреЗрдЦ рд▓реЛредред рдФрд░ рд╡реЛрдЯ рджреЛ рдЬрд╛рдЯ рднрд╛рдИрдУ рдпреЗ рд╕рд╛рд▓реЗ рдХрд┐рд╕реА рдХреЗ рд╕рдЧреЗ рдирд╣реА рд╣реИ ред

",0.41534719057381153
hate,"RT @mamta_meena1: рд▓реЛрдЧреЛрдВ рдХреЛ #рдЬрдп_рдЬреЛрд╣рд╛рд░ рд╢рдмреНрдж рд╕реЗ рдХреНрдпреЛрдВ рдорд┐рд░реНрдЪреА рд▓рдЧ рд░рд╣реА рд╣реИ рдЬрдмрдХрд┐ рдпреЗ рдПрдХ рд╕рдореНрдмреЛрдзрди рд╢рдмреНрдж рд╣реИ 
рд╕рдм рдорд┐рд▓рдХрд░ #рдЬрдп_рдЬреЛрд╣рд╛рд░ рдмреЛрд▓рд┐рдП
#рдЬрдп_рдЬреЛрд╣рд╛рд░",0.648314505815506
hate,@RubikaLiyaquat рдпреЗ рдХрдореАрдиреА рдЬрд┐рд╕ рджрд┐рди рдорд░реЗрдЧреА рдЙрд╕ рджрд┐рди full рдкрд╛рд░реНрдЯреА,0.39160605520009995
fake,"#JNU рдореЗрдВ рд╣реБрдИ #рддреЛреЬрдлреЛреЬ рдХреЗ рдмрд╛рдж #рдЧрд░реНрд▓реНрд╕ рд╣реЙрд╕реНрдЯрд▓ рдореЗрдВ #рдмрд┐рдЦрд░рд╛ рд╣реБрдЖ #рд╕рд╛рдорд╛рди #рдзрдиреНрдп рд╣реИрдВ рдпрд╣рд╛рдВ рдХреА рд╕реНрдЯреВрдбреЗрдВрдЯред рдмрд╣реБрдд рджреБрдЦ рд╣реБрдЖ рдЗрди рд▓реЛрдЧреЛрдВ рдХреА рдмреБрдХреНрд╕ рджреЗрдЦрдХрд░ рд╕рдм рдлрдЯ рдЧрдИ рд╣реИред

",0.35658248234540224
fake,"рджреЛрд╕реНрддреЛрдВ рдореИрдВрдиреЗ рдЗрд╕реНрддреАрдлрд╛ рджреЗрдХрд░ рд╕рд╣реА рдХрд┐рдпрд╛ рдирд╛?
рдЕрдЧрд░ рд╣рд╛рдВ рддреЛ рд░рд┐рдЯреНрд╡реАрдЯ рдХрд░реЗрдВ ,рд╡рд░рдирд╛ рд▓рд╛рдЗрдХ рдХрд░реЗрдВред pic.twitter.com/6bdeyDTfHz",0.46005556359887123
non-hostile,"#ReportForSSR | рд╢рд┐рд╡рд╕реЗрдирд╛ рдиреЗрддрд╛ рд╕рдВрдЬрдп рд░рд╛рдЙрдд рдХреЗ рд╣рд╛рдереЛрдВ рд╕реЗ рд╕рдмрдХреБрдЫ рдирд┐рдХрд▓ рдЧрдпрд╛ рд╣реИ рдХреНрдпрд╛?: рднрд╛рдЬрдкрд╛ рдорд╣рд╛рд░рд╛рд╖реНрдЯреНрд░ рдкреНрд░рд╡рдХреНрддрд╛ рд╢реНрд╡реЗрддрд╛ рд╢рд╛рд▓рд┐рдиреА рдиреЗ рд░рд╛рдЬрдиреАрддрд┐рдХ рд╡рд┐рд╢реНрд▓реЗрд╖рдХ рдЕрдЬрдп рдЕрд░реЛрдбрд╝рд╛ рд╕реЗ рдкреВрдЫрд╛

рджреЗрдЦрд┐рдП 'рдкреВрдЫрддрд╛ рд╣реИ рднрд╛рд░рдд' рдЕрд░реНрдирдм рдХреЗ рд╕рд╛рде рд░рд┐рдкрдмреНрд▓рд┐рдХ рднрд╛рд░рдд рдкрд░ LIVE : https://t.co/SDGVEbtJgs https://t.co/21BdPG36fw",0.4620614927262068
non-hostile,"рд╕реВрд░реНрдпреЛрджрдп рдХреЗ рдкреНрд░рд╛рдиреНрдд' рдореЗрдВ рд╡рд┐рдХрд╛рд╕ рдФрд░ рд╕рдореГрджреНрдзрд┐ рдХрд╛ рдЙрдЬрд┐рдпрд╛рд░рд╛ рдлреИрд▓рд╛ рд░рд╣реЗ рдКрд░реНрдЬрд╛рд╡рд╛рди рд╡ рд▓реЛрдХрдкреНрд░рд┐рдп рдореБрдЦреНрдпрдордВрддреНрд░реА рд╢реНрд░реА @PemaKhanduBJP рдЬреА рдХреЛ рдЬрдиреНрдорджрд┐рди рдХреА рдЕрдирдВрдд рд╢реБрднрдХрд╛рдордирд╛рдПрдВ!

рдкреНрд░рднреБ рд╢реНрд░реА рд░рд╛рдо рдХрд╛ рдЖрд╢реАрд╖ рдЖрдк рдкрд░ рд╕рджреИрд╡ рдмрдирд╛ рд░рд╣реЗред

рдЖрдкрдХреЗ рдиреЗрддреГрддреНрд╡ рдореЗрдВ рдЕрд░реБрдгрд╛рдЪрд▓ рдкреНрд░рджреЗрд╢ рд░реЛрдЬ рд╡рд┐рдХрд╛рд╕ рдХреЗ рдирдП рдорд╛рдирдХ рд╕реНрдерд╛рдкрд┐рдд рдХрд░реЗред",0.7930938154459
fake,"рд░рд╛рдо рдордВрджрд┐рд░ рдХрд╛ рдирд┐рд░реНрдорд╛рдг рд╢реБрд░реВ рд╣реБрдЖ рддреЛ рдЖрддреНрдорд╣рддреНрдпрд╛ рдХрд░ рд▓реВрдВрдЧрд╛ - рдХрдкрд┐рд▓ рд╕рд┐рдмрд▓' | 'рд╕рд╛рд╡рдзрд╛рди 5 рдЕрдЧрд╕реНрдд рдХреЛ рдХрдкрд┐рд▓ рд╕рд┐рдмрд▓ рдЖрддреНрдорд╣рддреНрдпрд╛ рдХрд░ рд╕рдХрддреЗ рд╣реИрдВ |
",0.5254557821899652
fake,"рдПрдХ рдордВрджрд┐рд░ рдХреЗ рддреЛрд░рдг (archway) рдкрд░ рд▓рд┐рдЦрд╛ рдпрд╣ рд╕рдВрджреЗрд╢: ""рдпрд╣ рддреАрд░реНрде рд╣рд┐рдиреНрджреБрдУрдВ рдХрд╛ рдкрд╡рд┐рддреНрд░ рд╕реНрдерд▓ рд╣реИ рд╢реВрджреНрд░ рдореБрд╕рд▓рдорд╛рди рдХрд╛ рдкреНрд░рд╡реЗрд╢ рд╡рд░реНрдЬрд┐рдд рд╣реИ

",0.4564325790852308
non-hostile,"рдореБрдЦреНрдпрдордВрддреНрд░реА рдЬреА рдиреЗ рдХрд╣рд╛ рдХрд┐ рдЗрди рддреАрдиреЛрдВ рд╢реНрд░реЗрдгрд┐рдпреЛрдВ рдХреЗ рдЙрджреНрдпрдорд┐рдпреЛрдВ рд╕реЗ рд╕рдВрд╡рд╛рдж рд╕реНрдерд╛рдкрд┐рдд рдХрд░рдХреЗ рдЙрджреНрдпреЛрдЧ рдмрдиреНрдзреБ рдХреЗ рдорд╛рдзреНрдпрдо рд╕реЗ рдЗрдирдХреА рд╕рдорд╕реНрдпрд╛рдУрдВ рдХрд╛ рд╕рдорд╛рдзрд╛рди рдХрд┐рдпрд╛ рдЬрд╛рдП: ACS, рдЧреГрд╣ рд╡ рд╕реВрдЪрдирд╛, рд╢реНрд░реА @AwasthiAwanishK рдЬреА",0.6594336125999689
non-hostile,"@KanganaTeam  рдХреЗ рдЦрд┐рд▓рд╛рдл рд╢рд┐рд╡рд╕реЗрдирд╛ рдиреЗрддрд╛рдУ рджреНрд╡рд╛рд░рд╛ рдХрд╣реЗ рдЧрдП рдЕрдкрд╢рдмреНрджреЛрдВ рдкрд░ рдХрдбрд╝рд╛ рд╕рдВрдЬреНрдЮрд╛рди рд▓реЗрддреЗ рд╣реБрдП @NCWIndia рдЪреИрдпрд░рдкрд░рд╕рди @sharmarekha  рдиреЗ рд╢рд┐рд╡рд╕реЗрдирд╛ рдиреЗрддрд╛рдУ рдХреЗ рдЦрд┐рд▓рд╛рдл рдкреБрд▓рд┐рд╕ рдХрд╛рд░реНрдпрд╡рд╛рд╣реА рдХрд░рдиреЗ  рдХреЗ рд▓рд┐рдП   рдореБрдореНрдмрдИ рдкреБрд▓рд┐рд╕ рдХреЛ рд▓рд┐рдЦрд╛ рд╣реИ    рдзрдиреНрдпрд╡рд╛рдж рдмрд╣рди рдЬреАЁЯЩП
@_jay_shankar 
@arunbajpairajan https://t.co/eBEYjNmern",0.483601912856102
non-hostile,"#Kushinagar - рдкреБрд▓рд┐рд╕ рдХреЗ рд╕рд╛рдордиреЗ рднреАрдбрд╝ рдиреЗ рдЖрд░реЛрдкреА рд╣рддреНрдпрд╛рд░реЗ рдХреЛ рдкреАрдЯ-рдкреАрдЯрдХрд░ рдорд╛рд░ рдбрд╛рд▓рд╛| ABPGanga  
https://t.co/T4VCUfk93N",0.35999100655317307
non-hostile,"INDvNZ: рд╕реМрд░рд╡ рдЧрд╛рдВрдЧреБрд▓реА рдмреЛрд▓реЗ- рдзреЛрдиреА рдХреЛ рд╕рд╛рддрд╡реЗрдВ рдирдВрдмрд░ рдкрд░ рднреЗрдЬрдирд╛ рдЧрд▓рддреА
#SauravGanguly 
https://t.co/UZY9K90paQ https://t.co/XI4neT8fy8",0.2864534268155694
hate,рдЪреАрди рд╕реЗ рдЬрд╛рд░реА рддрдирд╛рд╡ рдкрд░ рд╡рд┐рдкрдХреНрд╖реА рджрд▓реЛрдВ рдХреЗ рд╕рд╛рде рдмрдВрдж рджрд░рд╡рд╛рдЬреЗ рдХреЗ рдкреАрдЫреЗ рдмреИрдардХ рдХрд░ рд╕рдХрддреА рд╣реИ рд╕рд░рдХрд╛рд░ рджреЗрд╢ рдХреЛ рдЖрдЧ рдореЗрдВ рдЭреЛрдВрдХ рдХрд░ рджрд░рд╡рд╛рдЬреЗ рдмрдВрдж рдореЗрдВ рдмреИрдардХ рд╡рд┐рдкрдХреНрд╖реА рдХреЛ  рд╣рд┐рд╕реНрд╕рд╛ рдирд╣реАрдВ рд▓реЗрдиреА рдЪрд╛рд╣рд┐рдП рдЬрд┐рд╕рдиреЗ рдХрд┐рдпрд╛ рд╣реИ рд╡рд╣ рднрд░реЗрдЧрд╛,0.5761693697422743
non-hostile,"#Top100 рдореЗрдВ рджреЗрдЦрд┐рдП рдЖрдЬ рд╕реБрдмрд╣ рдХреА рд╕рднреА рдЦрдмрд░реЗрдВ
#Morningnews https://t.co/YgFW7sMplS",0.17891658935695887
"fake,hate,offensive","рд░рд╛рд╣реБрд▓ рдЧрд╛рдВрдзреА рдХреЛ PM рдкрдж рдХрд╛ рдЙрдореНрдореАрджрд╡рд╛рд░ рдмрдирд╛рддреЗ рд╣реА рдореЛрджреА рдЬреА рдХреА рдЖрдзреА рдЬреАрдд рддрдп рд╣реЛ рдЬрд╛рддреА рд╣реИ, рд╕рд┐рд░реНрдл рджрд┐рд▓ рдХрд╛ рд╕рд╛рдл рд╣реЛрдирд╛ рд░рд╛рдЬрдиреАрддрд┐ рдХреЗ рд▓рд┐рдП рдХрд╛рдлреА рдирд╣реАрдВ, рднрд╛рд╖рдг рдХреА рдХрд▓рд╛ рднреА рдЕрдЪреНрдЫреА рд╣реЛрдиреА рдЪрд╛рд╣рд┐рдП, рдореЛрджреА рдЬреА рдХреЗ рдЭреВрда рдХреЗ рдмрд╛рд╡рдЬреВрдж рд▓реЛрдЧ рдЙрдиреНрд╣реЗрдВ рдкрд╕рдВрдж рдХрд░рддреЗ рд╣реИрдВ.

рдХреЙрдВрдЧреНрд░реЗрд╕ рдХреЗ рд▓рд┐рдП PM рдФрд░ рдЕрдзреНрдпрдХреНрд╖ рдкрдж рдкрд░ Non-Gandhi рдПрдХрдорд╛рддреНрд░ рд╡рд┐рдХрд▓реНрдк рд╣реИ.",0.5560222081840038
non-hostile,"рд╡реИрдХреНрд╕реАрди рдмрдирдиреЗ рддрдХ рдЬреНрдпрд╛рджрд╛ рдЯреЗрд╕реНрдЯрд┐рдВрдЧ рд╕рдмрд╕реЗ рдмрдбрд╝рд╛ рд╣рдерд┐рдпрд╛рд░: рдореБрдЦреНрдпрдордВрддреНрд░реА рд╢реНрд░реА @myogiadityanath рдЬреА

рдореБрдЦреНрдпрдордВрддреНрд░реА рдЬреА рдиреЗ рдХрд╣рд╛, рдирд┐рдХрдЯ рднрд╡рд┐рд╖реНрдп рдореЗрдВ рддреАрди рдмреАрдПрд╕рдПрд▓-3 рд▓реИрдм рдореЗрдбрд┐рдХрд▓ рдХреЙрд▓реЗрдЬ рд╢рд╛рд╣рдЬрд╣рд╛рдВрдкреБрд░, рдЬреАрдЖрдИрдПрдордПрд╕, рдЧреНрд░реЗрдЯрд░ рдиреЛрдПрдбрд╛ рд╡ рдПрд╕рдПрд╕рдкреАрдПрдЪ, рдиреЛрдПрдбрд╛ рдореЗрдВ рд╕реНрдерд╛рдкрд┐рдд рд╣реЛрдВрдЧреАред https://t.co/Nk5UnqaZ4I",0.6281473208218813
non-hostile,"рдореБрдВрдмрдИрдГ рдЦреБрд▓реЗ рдореЗрдирд╣реЛрд▓реНрд╕ рдХреА рд╢рдХреНрд▓ рдореЗрдВ рдореМрдЬреВрдж рд╣реИрдВ BMC рдХреА рд▓рд╛рдкрд░рд╡рд╛рд╣реА рдХреЗ рдирдореВрдиреЗ, рдмрди рд░рд╣реЗ рд╣реИрдВ рдЬрд╛рдирд▓реЗрд╡рд╛

https://t.co/hxMafg1inZ

(рд░рд┐рдкреЛрд░реНрдЯ @jitendradixit ) https://t.co/uuvNiRtOUT",0.5551459267735481
non-hostile,"рдореБрд╕реНрд▓рд┐рдо рдкрдврд╝ -рд▓рд┐рдЦрдХрд░ рд╕рд░рдХрд╛рд░реА рдиреМрдХрд░реА рдореЗрдВ рдЬрд╛рдПрдВ рддреЛ  рдмреАрдЬреЗрдкреА рд╕рдорд░реНрдерд┐рдд рд╕реБрджрд░реНрд╢рди TV рд╕рд╛рдЬрд┐рд╢ рдмрддрд╛ рд░рд╣рд╛ рд╣реИред рди рдкрдврд╝реЗ рдпрд╛ рдорджрд░рд╕рд╛ рдореЗрдВ рдкрдврд╝реЗрдВ рддреЛ рдХрд╣реЗрдВ рдХрд┐ рдЖрддрдВрдХрд╡рд╛рджреА рддреИрдпрд╛рд░ рд╣реЛ рд░рд╣реЗ рд╣реИрдВред рдЖрдЦрд┐рд░ рдореБрд╕реНрд▓рд┐рдо рдХреНрдпрд╛ рдХрд░реЗрдВ? 
@INCIndia 
@RahulGandhi",0.4813700448721647
fake,рдЬрд░реВрд░реА рд╕рд╛рдорд╛рди рдХреА рджреБрдХрд╛рдиреЗрдВ (рдореЗрдбрд┐рдХрд▓ рдХреЛ рдЫреЛреЬрдХрд░) рд╕реБрдмрд╣ 9 рд╕реЗ рд╢рд╛рдо 5 рдмрдЬреЗ рддрдХ рд╣реА рдЦреБрд▓реЗрдВрдЧреАред,0.35906671546399593
defamation,"@advneerajtpbh: рдмрдВрдЧрд╛рд▓ рдХреЗ рдбрд╛рдпрди рдХреЗ рдЧреНрд░рд╛рд╕ рд╣реИрдВ рдпреЗ рдмреЗрдЪрд╛рд░реЗ,

рдорд╛рд╕реНрдЯрд░ рд╕рд╛рд╣рдм рдФрд░ рдЙрдирдХрд╛ рдкрд░рд┐рд╡рд╛рд░",0.5601466633379459
non-hostile,"рдЕрднрд┐рдиреЗрддреНрд░реА рдХрдВрдЧрдирд╛ рд░рдиреМрдд рдХреЛ рдорд┐рд▓реА рд╡рд╛рдИ рд╢реНрд░реЗрдгреА рдХреА рд╕реБрд░рдХреНрд╖рд╛ 
#KanganaRanaut @KanganaTeam @rautsanjay61
https://t.co/GSLGguE6cf",0.4513472318649292
"defamation,hate,offensive","рдЖрдЬрд╛рджреА рдХреА рд▓рдбрд╝рд╛рдИ рдХреЗ рджреМрд░рд╛рди рдЪрдЪрд╛ рдХрд╛ рдЧрд▓рд╛ рджрдмрд╛рдХрд░ рдЙрдиреНрд╣реЗрдВ рдпрд╛рддрдирд╛рдПрдВ рджреЗрдиреЗ рдХреА рдХреЛрд╢рд┐рд╕ рдХрд░рддреА рдЕрдВрдЧреНрд░реЗрдЬ рдорд╣рд┐рд▓рд╛...
рдмрд╛рдж рдореЗрдВ рдЪрдЪрд╛ рдиреЗ рдзреЛрдмреА рдкрдЫрд╛рдбрд╝ рдорд╛рд░ рдЗрд╕ рдорд╣рд┐рд▓рд╛ рд╕реЗ рдкреВрд░реА рд░рд╛рдд рдЬрдВрдЧ рд▓рдбрд╝рдХреЗ рдмрджрд▓рд╛ рд▓рд┐рдпрд╛...
рдЪрдЪрд╛ рдирд┐рд░реНрднреАрдХ рдереЗ, рджреЗрд╢ рдХреЗ рд▓рд┐рдП рдЬреБрдЭрд╛рд░реВ рд╣реЛрдХрд░ рд▓рдбрд╝рддреЗ рдереЗ... рджреЗрд╢ рдЪрдЪрд╛ рдХреЛ рдпрд╛рдж рд░рдЦреЗрдЧрд╛...
#jnu_protest",0.6153217051178217
non-hostile,"рдЬрд┐рд╕ рд░рд╛рдЬреНрдп рдореЗрдВ 40 рд▓рд╛рдЦ рдкреНрд░рд╡рд╛рд╕реА рдЬрди рдЖрдП рд╣реЛрдВ, рд╡рд╣рд╛рдВ рдХреЛрд░реЛрдирд╛ рд╕рдВрдХреНрд░рдордг рдХреА рд╕реНрдерд┐рддрд┐ рдЕрдиреНрдп рд╕рдореНрдкрдиреНрди рд░рд╛рдЬреНрдпреЛрдВ рдХреА рддреБрд▓рдирд╛ рдореЗрдВ рдирд┐рдпрдВрддреНрд░рд┐рдд рд╣реИред

рд╣рдордиреЗ рдЕрдкрдиреЗ рдПрдХ-рдПрдХ рдирд╛рдЧрд░рд┐рдХ рдХреА рд╕реБрд░рдХреНрд╖рд╛ рд╕реБрдирд┐рд╢реНрдЪрд┐рдд рдХреА рд╣реИред 

рдпрд╣ рд╕рдм рдЗрд╕рд▓рд┐рдП рд╕рдВрднрд╡ рд╣реЛ рд╕рдХрд╛ рдХреНрдпреЛрдВрдХрд┐ рдпрд╣рд╛рдВ рдПрдХ рдЯреАрдо рдХрд╛рдо рдХрд░ рд░рд╣реА рдереАред

рдХреЛрд░реЛрдирд╛ рд╡реЙрд░рд┐рдпрд░реНрд╕ рдХреЛ рдирдорди! https://t.co/WgqoyfBwGN",0.625217892229557
non-hostile,"рдХреНрдпрд╛ рдЗрд╕ рдорд╣реАрдиреЗ рдлрд┐рд░ рдмрдврд╝ рдЧрдП рд░рд╕реЛрдИ рдЧреИрд╕ рд╕рд┐рд▓рд┐рдВрдбрд░ рдХреЗ рджрд╛рдо? рдЬрд╛рдирд┐рдП рдХрд┐рддрдиреА рд╣реБрдИ рдХреАрдордд
#LPG #cylinder #IOC #gascylinder #cylinderprice 
https://t.co/aDSMPV1rk0",0.39265966042876244
defamation,рдмрд┐рд╣рд╛рд░ рдореЗрдВ рджрд┐рдЦрд╛рд╡реЗ рдХреЗ рд▓рд┐рдП рд╕рдордп рд╕рдордп рдкрд░ рдкрд▓рдЯреВ рд░рд╛рдо рдФрд░ рдлреЗрдВрдХреВрдБ рд░рд╛рдо рдиреВрд░рд╛ рдХреБрд╢реНрддреА рд▓рдбрд╝рддреЗ рд╣реИ рдлрд┐рд░ рдЪреБрдирд╛рд╡ рдХреЗ рдмрд╛рдж рдПрдХ рд╣реЛрдХрд░ рднреНрд░рд╖реНрдЯрд╛рдЪрд╛рд░ рдХрд░рддреЗ рд╣реИред,0.6620570551604033
fake,"рдХреНрдпрд╛ рдЪрдВрджреНрд░рдпрд╛рди 2 рдХреА рдЕрд╕рдлрд▓рддрд╛ рдХреЗ рд▓рд┐рдП рдХрд╛рдВрдЧреНрд░реЗрд╕ реЫрд┐рдореНрдореЗрджрд╛рд░?

",0.570386229082942
hate,рдпрд╣ рджреЗрдЦрд┐рдП рдпрд╣ рдЖрддрдВрдХрд╡рд╛рджреА рдореБрдВрдмрдИ рдореЗрдВ рдПрдХ рд░реЗрд▓рд╡реЗ рдкреНрд▓реЗрдЯрдлрд╛рд░реНрдо рдкрд░ рдЦреБрд▓рдХрд░ рдкрд╛рдХрд┐рд╕реНрддрд╛рди рдЬрд┐рдВрджрд╛рдмрд╛рдж рдХреЗ рдирд╛рд░реЗ рд▓рдЧрд╛ рд░рд╣реЗ рд╣реИрдВ рдФрд░ рдЖрддрдВрдХреА рдЬрд┐рд╣рд╛рджреА рдЕрдмреВ рдЖрдЬрдореА рдЬреЛ рдореБрдВрдмрдИ рдмрдо рдмреНрд▓рд╛рд╕реНрдЯ рдореЗрдВ рднреА рдкрдХрдбрд╝рд╛ рдЧрдпрд╛ рдерд╛ рд▓реЗрдХрд┐рди рдЬрд┐рд╣рд╛рджреА рдХрд╛рдВрдЧреНрд░реЗрд╕ рдХреЗ рдХрд╛рд░рдг рд╣реИ рдмрдЪрдХрд░ рд╕рд╛рдл рдирд┐рдХрд▓ рдЧрдпрд╛ рдЖрдЦрд┐рд░ рдЗрди рдЖрддрдВрдХрд┐рдпреЛрдВ рдХреЛ рд╣рд┐рдВрджреБрд╕реНрддрд╛рди рдореЗрдВ рдХрдм рддрдХ рдмрд░реНрджрд╛рд╢реНрдд рдХрд┐рдпрд╛ рдЬрд╛рдПрдЧрд╛,0.5686381366103888
"defamation,hate","рджреЗрдЦреЛ рдореБрдВрдмрдИ рдореЗрдВ рдЕрднреА рд╕реЗ рдкрд╛рдХрд┐рд╕реНрддрд╛рди рдЬрд┐рдВрджрд╛рдмрд╛рдж рдХреЗ рдирд╛рд░реЗ рд▓рдЧрдиреЗ рд▓рдЧреЗред
рддреБрдо рд╕реЛрдП рд░рд╣реЛ рд╣рд┐рдиреНрджреБрдУрдВред 
@Shekhar_Chahal_",0.5365313962101936
"defamation,offensive","рдЧреБрд░реБрджреЗрд╡ рдЙрдЭрд╛рдиреА рдирд╡реАрди рдордВрдбреА рд╕реНрдерд▓
рдореЗрдВ рднреА рдирд▓рдХреВрдк рдФрд░ рдХрд┐рд╕рд╛рдиреЛрдВ рдХреЛ рдкреАрдиреЗ рдХреЗ рдкрд╛рдиреА рдХреА рд╕рдореБрдЪрд┐рдд рд╡реНрдпрд╡рд╕реНрдерд╛ рдХрд░рд╛ рджреАрдЬрд┐рдП
рдмреЛ рдХрдореАрдиреА рдирдЧрд░рдкрд╛рд▓рд┐рдХрд╛ рдмрд╛рд▓реА рд╕рдорд╛рдЬрд╡рд╛рджреА рд╣реИ рдЗрд╕реАрд▓рд┐рдП рдХреБрдЫ рдирд╣реА рдХрд░рддреА
@shalabhmani @AwasthiAwanishK @CMOfficeUP @dm_budaun @myogiadityanath @MarodiaSaurabh @sanjayraiupbjp @kvsingh012 https://t.co/oc9brTzA7t",0.5067768041044474
non-hostile,"#Hardoi рд╕рдВрджрд┐рдЧреНрдз рд╣рд╛рд▓рдд рдореЗрдВ рдпреБрд╡рдХ рдХрд╛ рд╢рд╡ рдорд┐рд▓рд╛, рдкреЗрдбрд╝ рд╕реЗ рд▓рдЯрдХрддрд╛ рдорд┐рд▓рд╛ рдпреБрд╡рдХ рдХрд╛ рд╢рд╡, рдкрд░рд┐рдЬрдиреЛрдВ рдиреЗ рдЬрддрд╛рдИ рд╣рддреНрдпрд╛ рдХреА рдЖрд╢рдВрдХрд╛, рдкреБрд▓рд┐рд╕ рдиреЗ рд╢рд╡ рдкреЛрд╕реНрдЯрдорд╛рд░реНрдЯрдо рдХреЗ рд▓рд┐рдП рднреЗрдЬрд╛, рдмреЗрдиреАрдЧрдВрдЬ рдХреЛрддрд╡рд╛рд▓реА рдХреЗ рдЬрд░реМрд╡рд╛ рдХрд╛ рдорд╛рдорд▓рд╛ред @hardoipolice @Uppolice #рджреЗрд╢_рдмреЗрд╣рд╛рд▓_рддрдмреНрд▓реАрдЧреА_рдЬрд┐рдореНрдореЗрджрд╛рд░ #policemedianews",0.515034468844533
non-hostile,"рд╕реЛрд╢рд▓ рдореАрдбрд┐рдпрд╛ рдкрд░ рд╡рд╛рдпрд░рд▓ рд╣реЛ рд░рд╣реЗ рдПрдХ рд╡реАрдбрд┐рдпреЛ рдХреЗ рд╕рд╛рде рджрд╛рд╡рд╛ рдХрд┐рдпрд╛ рдЬрд╛ рд░рд╣рд╛ рд╣реИ рдХрд┐ рдЕрд╢реЛрдХ рддрдиреЗрдЬрд╛ рдирд╛рдо рдХреЗ рдПрдХ рдмреАрдЬреЗрдкреА рдиреЗрддрд╛ рдХреЛ рдЕрдкрдиреА рд╣реА рдмреЗрдЯреА рд╕реЗ рдмрд▓рд╛рддреНрдХрд╛рд░ рдХрд░рдиреЗ рдХреЗ рдорд╛рдорд▓реЗ рдореЗрдВ рдЧрд┐рд░рдлреНрддрд╛рд░ рдХрд┐рдпрд╛ рдЧрдпрд╛ рд╣реИ. рдХреНрдпрд╛ рд╣реИ рд╕рдЪ, рд╕реБрдирд┐рдП рдЗрд╕ рдлреИрдХреНрдЯ рдЪреЗрдХ рдкреЙрдбрдХрд╛рд╕реНрдЯ рдореЗрдВ. #FactCheck 

тЮбя╕Пhttps://t.co/QGfPgIiHVb https://t.co/P0tJMSnvDF",0.5109482444822788
non-hostile,"#RheaChakraborty рдХреЛ рдирд╣реАрдВ рдЬрд╛рдирддреЗ рдереЗ рд╕рдВрджреАрдк рд╕рд┐рдВрд╣, рдХрд╣рд╛- #SushantSinghRajput рдиреЗ рдореЗрд░реЗ рд╕рд╛рдордиреЗ рдХрднреА рдбреНрд░рдЧреНрд╕ рдирд╣реАрдВ рд▓рд┐рдП

https://t.co/V3YBteYp4V https://t.co/vTd2Rrdy6S",0.3660079324617982
"defamation,fake,hate,offensive",@KanganaTeam рдиреЛрд╕реЛ рдЪреВрд╣реЗ рдЦрд╛рдХрд░ рдХреБрддрд┐рдпрд╛ рд╣рдЬ рдХреЛ рдЪрд▓реАред,0.2950913505628705
non-hostile,"рднрд╛рд░рддреАрдп рд╕реЗрдирд╛ рдиреЗ рдЙрдЦрд╛рдбрд╝ рдлреЗрдВрдХреЗ рдЪреАрди рдХреЗ рдЬрд╛рд╕реВрд╕реА рдЙрдкрдХрд░рдг, рдЪреБрд╢реВрд▓ рдХреЗ рдмреНрд▓реИрдХ рдЯреЙрдк рдХреА рдХрд╣рд╛рдиреА
https://t.co/7JsX7LmfCI  

#PangongLake #IndiaChinaFaceOff",0.23321362677961588
non-hostile,"рдЕрдорд░ рд╕рд┐рдВрд╣ рдХреЗ рдирд┐рдзрди рд╕реЗ рдЦрд╛рд▓реА рд╣реБрдИ рд░рд╛рдЬреНрдпрд╕рднрд╛ рд╕реАрдЯ рдХреЗ рд▓рд┐рдП рдмреАрдЬреЗрдкреА рдХреЗ рджреЛ рдиреЗрддрд╛рдУрдВ рдиреЗ рдирд╛рдорд╛рдВрдХрди рднрд░рд╛ рд╣реИ 
#HindiNews
https://t.co/t4awbzQKUY",0.6026280112564564
non-hostile,"рджреЗрд╢ рдХреА рд░рдХреНрд╖рд╛ рдХрд░рддреЗ рд╣реБрдП рдкреНрд░рд╛рдгреЛрдВ рдХреА рдЖрд╣реБрддрд┐ рджреЗрдиреЗ рд╡рд╛рд▓реЗ рд╢реНрд░реА рдкреНрд░рд╢рд╛рдиреНрдд рд╢рд░реНрдорд╛ рдЬреА рдХреЗ рдкрд░рд┐рдЬрдиреЛрдВ рдХреЗ рдкреНрд░рддрд┐ рдореЗрд░реА рд╕рдВрд╡реЗрджрдирд╛рдПрдВред

@UPGovt рд╢рд╣реАрдж рдХреЗ рдкрд░рд┐рдЬрдиреЛрдВ рдХреЛ тВ╣50 рд▓рд╛рдЦ рдХреА рдЖрд░реНрдерд┐рдХ рд╕рд╣рд╛рдпрддрд╛ рддрдерд╛ рдПрдХ рд╕рджрд╕реНрдп рдХреЛ рд╕рд░рдХрд╛рд░реА рдиреМрдХрд░реА рдкреНрд░рджрд╛рди рдХрд░реЗрдЧреАред

рдЬрдирдкрдж рдореБрдЬрдлреНрдлрд░рдирдЧрд░ рдХреА рдПрдХ рд╕рдбрд╝рдХ рдХрд╛ рдирд╛рдордХрд░рдг рд╢рд╣реАрдж рдкреНрд░рд╢рд╛рдиреНрдд рдЬреА рдХреА рд╕реНрдореГрддрд┐ рдореЗрдВ рд╣реЛрдЧрд╛ред",0.48146783374249935
non-hostile,"рдЕрдореЗрдЬрди рдЬрд▓реНрдж рдЖрдкрдХреЗ рдШрд░ рдкрд░ рдбреНрд░реЛрди рдХреЗ рдЬрд░рд┐рдП рд╕рд╛рдорд╛рди рдбрд┐рд▓реАрд╡рд░реА рдХрд░реЗрдЧреА.
#HindiNews 
https://t.co/DnPu10Jc0a",0.5553752649575472
non-hostile,"рджреЗрд╢ рдореЗ 43 рдХреЗрдВрджреНрд░ рд╕рд░рдХрд╛рд░ рдХреЗ рд╡рд┐рд╢реНрд╡ рд╡рд┐рджреНрдпрд╛рд▓рдп рд╣реИрдВред рдмреАрдЬреЗрдкреА/рдЖрд░рдПрд╕рдПрд╕ рдХреА рдореЗрд╣рд░рд╡рд╛рдиреА рд╕реЗ рдПрдХ рднреА рджрд▓рд┐рдд рдХреБрд▓рдкрддрд┐ рдирд╣реА рд╣реИ &amp; рдЬреЛ рджрд▓рд┐рдд рдЯреАрдЪрд░ рдЗрдирдХреЗ рдЧреБрд▓рд╛рдо рдирд╣реА рд╣реИрдВ рдЙрдирдХреЛ рдирд┐рд╢рд╛рдирд╛ рдмрдирд╛рдпрд╛ рдЬрд╛ рд░рд╣рд╛ рд╣реИ рдЬреИрд╕реЗ рдбреЙ рдЛрддреБ рд╕рд┐рдВрд╣ рдХреЛ рджреМрд▓рдд рд░рд╛рдо рдХреЙрд▓реЗрдЬ рдореЗрдВред
@PMO_NaMo
@UnivofDelhi 
@DrRPNishank 
@JPNadda 
@AmitShah 
@INCIndia",0.6435259710997343
defamation,"RT @_Pb_swain_: рджреЗрд╢ рдореЗрдВ рднрд╛рдИрдЪрд╛рд░рд╛ рдирд╣реАрдВ рдмрдЪрд╛ рд╣реИ : рд╕реИрдл рдЕрд▓реА рдЦрд╛рди 

рдЕрдм рд╣рдордиреЗ ""рдЪрд╛рд░рд╛"" рдмрдирд╛рдирд╛ рдЫреЛрдбрд╝ рджрд┐рдпрд╛ рд╣реИ рдФрд░ ""рднрд╛рдИ"" рддреЛ рддреБрдо рдЕрдкрдиреА рдмрд╣рди рдХреЗ рднреА рдирд╣реАрдВ рд╣реЛрддреЗЁЯШВ",0.4985140170902014
hate,"рдлрд╛рд░реБрдЦ рдЕрдмреНрджреБрд▓реНрд▓рд╛ рдиреЗ рдЕрдкрдирд╛ рдХрд╛рдЧрдЬ рдЦреЛрдЬ рд▓рд┐рдпрд╛.
""рдореИрдВ рдореБрд╕реНрд▓рд┐рдо рдирд╣реАрдВ, рдХрд╢реНрдореАрд░реА рдкрдВрдбрд┐рдд рд╣реВрдВ..!!"" 
----рдлрд╛рд░реВрдХ рдЕрдмреНрджреБрд▓реНрд▓рд╛ ЁЯШБЁЯШАЁЯШВ
рдзреАрд░реЗ рдзреАрд░реЗ рдЗрд╕реА рддрд░рд╣ рд╕рдм рдЕрдкрдиреЗ рдХрд╛рдЧрдЬ рджрд┐рдЦрд╛рдПрдВрдЧреЗ...ЁЯШЬЁЯШЬ",0.41462513618171215
"defamation,hate,offensive",@KanganaTeam @Sanjay__baroda рдкреАрдУрдХреЗ рдореЗрдВ рдмрдиреА рдЖрддрдВрдХреА рдХреЗ рдмрдирдХрд░ рдкрд░ рд╕рд░реНрдЬрд┐рдХрд▓ рд╕реНрдЯреНрд░рд╛рдЗрдХ рдмреАрдПрдорд╕реА рдиреЗ рдХрд░ рджреА,0.4851962439715862
non-hostile,"MP рдЕрдкрдиреЗ рдЕрдзрд┐рдХрд╛рд░ рдХреЗ рд▓рд┐рдП рдирд╣реА рдмреЛрд▓ рд╕рдХрддреЗ рддреЛ рдЬрдирддрд╛ рдХреЗ рд▓рд┐рдП рдХреНрдпрд╛ рдХрд░реЗрдВрдЧреЗ? рд╕рд╛рдВрд╕рджреЛрдВ рдХреЛ рдореЛрджреА рдЬреА рд╕реЗ рдкреВрдЫрдирд╛ рдЪрд╛рд╣рд┐рдП рдХрд┐ 8000 рдХрд░реЛрдбрд╝ рдХреА рдирдИ рдЬрд╣рд╛рдЬ рдЕрдкрдиреЗ рдард╛рдЯ рдХреЗ рд▓рд┐рдП рдХреНрдпреЛрдВ рдЦрд░реАрдж рд░рд╣реЗ рд╣реИрдВ?рд╡рд░реНрддрдорд╛рди рд╡реНрдпрд╡рд╕реНрдерд╛ рдкрд░реНрдпрд╛рдкреНрдд рд╣реИред MPLAD рджреЛ рд╕рд╛рд▓ рдХреЗ рд▓рд┐рдП рдХрд╛рдЯ рджрд┐рдпрд╛ рдЬреЛ рдЗрддрдиреА рд╣реА рд░рд╛рд╢рд┐ рдХрд╛ рд╣реИред рдЗрд╕рд╕реЗ рдЬрдирддрд╛ рдХреА рднрд▓рд╛рдИ рд╣реЛрддрд╛ рд╣реИред
@INCIndia",0.5173102021217346
fake,рдЖрд░рдПрд╕рдПрд╕ рдХреЗ рдореБрдЦреНрдпрд╛рд▓рдп (рдирд╛рдЧрдкреБрд░) рдХреЗ рд╕рд╛рдордиреЗ рдХреНрд░рд┐рдХреЗрдЯ рд╡рд┐рд╢реНрд╡рдХрдк рдореЗрдВ рдЗрдВрдЧреНрд▓реИрдВрдб рдХреА рдЬреАрдд рдХрд╛ рдЬрд╢реНрди рдордирд╛ рд░рд╣реЗ рд╣реИрдВ |,0.6895336322486401
non-hostile,"рджрд┐рд▓реНрд▓реА рдХреА рдмреИрдВрдХреНрд╡реЗрдЯ рд╣реЙрд▓реНрд╕ рдПрд╕реЛрд╕рд┐рдПрд╢рди рдиреЗ рдорд╛. рдореБрдЦреНрдпрдордВрддреНрд░реА рд╢реНрд░реА @Arvindkejriwal рд╕реЗ рдорд┐рд▓рдХрд░ рджрд┐рд▓реНрд▓реА рдореЗрдВ рдмреИрдВрдХреНрд╡реЗрдЯ рд╣реЙрд▓реНрд╕ рдЦреЛрд▓рдиреЗ рдХреЗ рд▓рд┐рдП рджрд┐рд▓реНрд▓реА рд╕рд░рдХрд╛рд░ рдХреЛ рдзрдиреНрдпрд╡рд╛рдж рджрд┐рдпрд╛ред 

рдорд╛. рдореБрдЦреНрдпрдордВрддреНрд░реА рдЬреА рдиреЗ рдХрд╣рд╛ рдХрд┐ 'рджрд┐рд▓реНрд▓реА рдореЗрдВ рдХреЛрд░реЛрдирд╛ рдХреЛ рдирд┐рдпрдВрддреНрд░рд┐рдд рдХрд░рдиреЗ рдореЗрдВ рд╣рдорд╛рд░реЗ рдмреИрдВрдХреНрд╡реЗрдЯ рд╣реЙрд▓реНрд╕ рднреА рджрд┐рд▓реНрд▓реА рдореЙрдбрд▓ рдХрд╛ рдЕрд╣рдо рд╣рд┐рд╕реНрд╕рд╛ рд╣реИрдВ' https://t.co/sXm0Q0ipeK",0.5449055694043636
defamation,"рдЧрд╝рдЬрд╝рдм рд╢рд╛рд╣реЛ рднрд╛рдИ

рдХреБрдЫ рднреИрдВрд╕рд┐рдпреЛ рдФрд░ рдЙрдирдХреЗ рдЪрдордЪреЛрдВ рдХреЛ рдереЛрдбрд╝реА рд╕рдордЭ рдЖрдПрдЧрд╛
ЁЯШВЁЯШВрдЬреЛ рдмрд┐рдЧ рдмреЙрд╕ рдХрд╛ рдирдВрдЧрд╛ рдирд╛рдЪ рджреЗрдЦрддреА рд╣реИрдВ ЁЯШВ ЁЯШВ",0.5229216068983078
non-hostile,рдЖрд╢рд╛ рд╣реИ рдХрд┐ рдЖрдк рд╕рд╣рдордд рд╣реЛрдВрдЧреЗ ред https://t.co/xTfd2JaQaZ,0.25295226369053125
fake,"рд╡реА рдбреЛрдВрдЯ рд╕рдкреЛрд░реНрдЯ NRC, CAB, CAA. рд╡рд╛рдкрд┐рд╕ рдЬрд╛рдУ рдореЛрджреА. рдЯрдХрд▓рд╛ рдЕрдорд┐рдд рдЧреЛ рдмреИрдХ.

",0.2823375165462494
offensive,"рдЖрдЬ рдЬреЛ рдЖрд╡рд╛рдЬрд╝ рдирд╣реА рдЙрдард╛рддреЗ рд╡реЛ рдХрд▓ рдкрдЫрддрд╛рдпреЗрдВрдЧреЗ,рдХреНрдпреВрдВрдХрд┐ рдЖрдЬ рд╣рдорд╛рд░рд╛ рдЦрд╛рдореЛрд╢ рд░рд╣рдирд╛ рд╣реА рдЖрдиреЗ рд╡рд╛рд▓реА рдкреАрдврд╝реА рдХреА рдЧреБрд▓рд╛рдореА рдХреА рдЬрд╝рдорд╛рдирдд рд╣реИ,рдФрд░ рд▓реЛрдЧ рдЖрдиреЗ рд╡рд╛рд▓реЗ рд╡рдХреНрдд рдореЗрдВ рдХрд╣реЗрдВрдЧреЗ рдХреА рдЬрд╝рдорд╛рдирд╛ рд╣реА рдЦрд░рд╛рдм рдерд╛ рдХреНрдпрд╛ рдХрд░рддреЗ,рд▓реЗрдХрд┐рди рдирд╕реНрд▓реЗрдВ рдкреВрдЫреЗрдВрдЧреА рддреБрдо рдЦрд╛рдореЛрд╢ рдХреНрдпреВрдВ рдереЗ?",0.49808090552687645
non-hostile,рд╣рдореЗрдВ рдПрдХ рдХрд┐рдореА рддрдХ рдХреЗ рд╕рдлрд╝рд░ рдХреЛ рдЪрд▓рдХрд░ рддрдп рдХрд░рдирд╛ рдЪрд╛рд╣рд┐рдП: рдкреНрд░рдХрд╛рд╢ рдЬрд╛рд╡рдбреЗрдХрд░,0.45932335779070854
hate,"RT @anita_meena3: рдмреЗрд░реЛрдЬрдЧрд╛рд░реА рдФрд░ рдирд┐рдЬреАрдХрд░рдг рдХреЗ рдЦрд┐рд▓рд╛рдл рдХрд▓ 9 рд╕рд┐рддрдореНрдмрд░ред рдареАрдХ рд░рд╛рдд 9 рдмрдЬреЗред рд╕рд┐рд░реНрдл 9 рдорд┐рдиреАрдЯ рдХреЗ рд▓рд┐рдП рдШрд░ рдХреА рд▓рд╛рдЗрдЯ рдмрдВрдж рдХрд░ рджреАрдк, рджрд┐рдпрд╛, рдореЛрдордмрддреНрддрд┐рдпрд╛рдВтАж",0.6426920648664236
"hate,offensive",@ThePushpendra_ рд╡рдХреНрдд рдмрджрд▓рддреЗ рдЯрд╛рдЗрдо рдирд╣реАрдВ рд▓рдЧрддреА рддреБрдореНрд╣рд╛рд░реА рдФрдХрд╛рдд рд╣реА рдирд╣реАрдВ рдмрдЪреЗрдЧреА рдЖрдиреЗ рд╡рд╛рд▓реА рд╕рдордп рдореЗрдВ рдЬреЛ рддреВ рд╕рд╛рдорд╛рди рдЦрд░реАрдж рд╕рдХрддрд╛ рд╣реИ рд╡рд┐рдЬреНрдЮрд╛рдкрди рджреЗрдЦрдХрд░,0.5812311545014381
non-hostile,"рдордВрдЧрд▓рд╡рд╛рд░ рдХреЛ 8 рдШрдВрдЯреЗ рдХреА рд▓рдВрдмреА рдкреВрдЫрддрд╛рдЫ рдХреЗ рдмрд╛рдж рд╕реАрдмреАрдЖрдИ рдиреЗ рд░рд┐рдпрд╛ рдХреЗ рдкрд┐рддрд╛ рдХреЛ рджреЛрдмрд╛рд░рд╛ рдмреБрд▓рд╛рдпрд╛ 
#SushantSinghRajputCase #RheaChakraborthy 

https://t.co/Tv7SaLnXkC",0.37799375131726265
non-hostile,рднрд╛рд░рдд рдиреЗ рдЪреАрди рд╕реЗ рд╕реАрдорд╛ рдкрд░ рддреИрдирд╛рдд рдЙрд╕рдХреЗ рд╕реИрдирд┐рдХреЛрдВ рдХреЛ рдЕрдиреБрд╢рд╛рд╕рди рдФрд░ рдирд┐рдпрдВрддреНрд░рдг рдореЗрдВ рд░рдЦрдиреЗ рдХреЛ рдХрд╣рд╛ред,0.6079999729990959
non-hostile,"рдХреЗрдВрджреНрд░реАрдп рдЧреНрд░рд╛рдореАрдг рд╡рд┐рдХрд╛рд╕ рддрдерд╛ рдкрдВрдЪрд╛рдпрддреА рд░рд╛рдЬ рдордВрддреНрд░реА @nstomar рдиреЗ рдХрд╣рд╛ рдХрд┐ рд╕рд╛рдореБрджрд╛рдпрд┐рдХ рднрд╛рд╡рдирд╛ рдХреЗ рд╡рд┐рдХрд╛рд╕ рд╕реЗ рд╣реЛрдЧрд╛ рдкрдВрдЪрд╛рдпрддреЛрдВ рдХреА рд╡реНрдпрд╡рд╕реНрдерд╛рдУрдВ рдХрд╛ рдмреЗрд╣рддрд░ рдЙрдкрдпреЛрдЧ, рдЧрд╛рдВрд╡реЛрдВ рдХреЗ рд╕рд╛рде рд╣реА рджреЗрд╢ рдмрдиреЗрдЧрд╛ рдЖрддреНрдордирд┐рд░реНрднрд░ 

рд╡рд┐рд╡рд░рдг : https://t.co/ioG2DFCmmW https://t.co/6YyTZKRoEG",0.5526066292077303
non-hostile,"рдЧреБрд░реБ рдПрдХрддрд╛ рдиреЗ рдмрд╣реБрдд рдХрдо рд╕рдордп рдореЗрдВ рдХрд┐рдиреНрдирд░ рд╕рдорд╛рдЬ рдореЗрдВ рдЕрдкрдирд╛ рдРрд╕рд╛ рд░реБрддрдмрд╛ рдХрд╛рдпрдо рдХрд░ рд▓рд┐рдпрд╛ рдерд╛ рдХрд┐ рд╕рдорд╛рдЬ рдХреЗ рд▓реЛрдЧ рдЙрдиреНрд╣реЗрдВ рдЕрдкрдирд╛ рд╕реБрдкрд░ рдЧреБрд░реБ рдорд╛рдирдиреЗ рд▓рдЧреЗ рдереЗ
@tanseemhaider

https://t.co/8SoShgjdai",0.6395313423126936
non-hostile,"рдмреБрдзрд╡рд╛рд░ рдХреЛ рд░рд┐рдЯрд╛рдпрд░ рд╣реЛ рд░рд╣реЗ рдЬрд╕реНрдЯрд┐рд╕ рдорд┐рд╢реНрд░рд╛ рдиреЗ рдЙрдЬреНрдЬреИрди рдХреЗ рдорд╣рд╛рдХрд╛рд▓реЗрд╢реНрд╡рд░ рдордВрджрд┐рд░ рдкрд░ рдлреИрд╕рд▓рд╛ рджреЗрдиреЗ рдХреЗ рдмрд╛рдж рдЕрдкрдиреЗ рд╕рд╛рдереА рдЬрдЬреЛрдВ рд╕реЗ рдХрд╣рд╛ рдХрд┐ рд╢рд┐рд╡ рдХреА рдХреГрдкрд╛ рд╕реЗ рдпреЗ рдЖрдЦрд┐рд░реА рдлреИрд╕рд▓рд╛ рднреА рд╣реЛ рдЧрдпрд╛ред 

https://t.co/4Dy1DXE5Zq",0.6109841633588076
non-hostile,рд╕реБрдкреНрд░реАрдо рдХреЛрд░реНрдЯ рдЕрдзрд┐рдХрддрд░ рдЖрд░рдХреНрд╖рдг рд╡рд┐рд░реЛрдз рдореЗрдВ рдлреИрд╕рд▓рд╛ рджреЗрдиреЗ рдореЗрдВ рдЖрддреБрд░ рд░рд╣рддрд╛ рд╣реИред 5 рдЬрдЬ рдХреА рдкреАрда рдиреЗ рдЖрд░рдХреНрд╖рдг рдореЗрдВ рдЙрдкрд╕реВрдЪреА рдмрдирд╛рдиреЗ рдХрд╛ рдЕрдзрд┐рдХрд╛рд░ рд░рд╛рдЬреНрдп рдХреЛ рджреЗрдиреЗ рдХреЗ рдкрдХреНрд╖ рдореЗрдВ 7 рдЬрдЬ рдХреА рдкреАрда рдХреЗ рд╕рдордХреНрд╖ рднреЗрдЬрдиреЗ рдХрд╛ рдлреИрд╕рд▓рд╛ рд▓рд┐рдпрд╛ рд╣реИред рдРрд╕реА рддрддреНрдкрд░рддрд╛ рдХрднреА рдирд╣реА рджрд┐рдЦрд╛рддреА рдХрд┐ рдЖрд░рдХреНрд╖рдг рд▓рд╛рдЧреВ рд╣реЛ рд░рд╣рд╛ рд╣реИ рдХрд┐ рдирд╣реА?,0.5363964941352606
non-hostile,"#Pratapgarh рдпреБрд╡рдХ рдХреА рдЧреЛрд▓реА рдорд╛рд░рдХрд░ рд╣рддреНрдпрд╛, рдпреБрд╡рдХ рдкрд░ рдерд╛ рдЪреЛрд░реА рдХреА рдХреЛрд╢рд┐рд╢ рдХрд░рдиреЗ рдХрд╛ рдЖрд░реЛрдк, рд░рд╛рдд рдореЗрдВ рдЪреЛрд░реА рд╕реЗ рдШрд░ рдореЗрдВ рдШреБрд╕рдиреЗ рдХрд╛ рдЖрд░реЛрдк, рдкреБрд▓рд┐рд╕ рдиреЗ рд╢рд╡ рдХреЛ рдХрдмреНрдЬреЗ рдореЗрдВ рд▓рд┐рдпрд╛, рд╣рдерд┐рдЧрд╡рд╛рдВ рдерд╛рдиреЗ рдХреЗ рдХреБрдврд╝рд╛ рдЧрд╛рдВрд╡ рдХрд╛ рдорд╛рдорд▓рд╛ред @pratapgarhpol @PratapGarhSP #policemedianews",0.5163036286830902
non-hostile,"рд╕реЛрдиреВ рд╕реВрдж рдиреЗ рдЕрдХреНрд╖рдп рдХреБрдорд╛рд░ рдХреЛ рд▓реЗрдХрд░ рдмрддрд╛рдИ рдордЬреЗрджрд╛рд░ рдмрд╛рдд, рдХрд╣рд╛- 'рд╡рд╣ рдиреЛрдЯ рдмрдбрд╝реА рддреЗрдЬреА рд╕реЗ рдЧрд┐рдирддреЗ рд╣реИрдВ' 

#SonuSood 
https://t.co/bOKMZH3gsu",0.48662186600267887
non-hostile,"рд░рд┐рдпрд╛ рдЪрдХреНрд░рд╡рд░реНрддреА рдХреЗ рд╕рдкреЛрд░реНрдЯ рдореЗрдВ рдЖрдИрдВ рддрд╛рдкрд╕реА рдкрдиреНрдиреВ, #SushantSinghRajput рдорд╛рдорд▓реЗ рдкрд░ рд▓рд┐рдЦреА рдкреЛрд╕реНрдЯ

@taapsee 

https://t.co/2MA6AgiSAC",0.5374790169298649
non-hostile,"рдЕрднреА рддрдХ рдЖрд░реЛрдкреА рд▓рд╛рдЦреЛрдВ рд▓реАрдЯрд░ рдСрдпрд▓ рдЪреБрд░рд╛ рдЪреБрдХреЗ рд╣реИрдВ.

@DelhiPolice @NeerajGaur_ 

https://t.co/TBoaCSbMIM",0.3140619955956936
defamation,"#рдЪреБрдирд╛рд╡_рдЖрдпреЛрдЧ рдХрд╣рд╛рдВ рд╣реИ?? 

рд╕реБрдкреНрд░реАрдо рдХреЛрд░реНрдЯ рд╕реЗ рдЕрдиреБрд░реЛрдз рд╣реИ рд╕реНрд╡рддрдГ рд╕рдВрдЬреНрдЮрд╛рди рд▓реЗрдХрд░ рдХрд╛рд░реНрд░рд╡рд╛рдИ рдХрд░реЗрдВ BJP рд╡рд┐рдзрд╛рдпрдХ рдЕрдирд┐рд▓ рдЙрдкрд╛рдзреНрдпрд╛рдп рдкрд░ рдФрд░ #рдЪреБрдирд╛рд╡_рдЖрдпреЛрдЧ рдХреЗ рдкрджрд╛рдзрд┐рдХрд╛рд░рд┐рдпреЛрдВ рдкрд░ рднреА рдХрд╛рд░реНрд░рд╡рд╛рдИ рдХрд░реЗред
",0.5989504512399435
"hate,offensive",@DR_Ambedkarji @KumarSudeshArya рдЕрдмреЗ рд╕рд╛рд▓реЗ рдкрд┐рд▓реНрд▓рд╛ рдХрд┐рд╕рдХреЛ рдХрд╣ рд░рд╣рд╛ рд╣реИ рдЕрднреА рддреВ рдЧрдзреЗ рдЕрдмреЗ рдЧрдзреЗ рдХреА рдФрд▓рд╛рдж рд╕рд╛рд▓реЗ рд╕реБрдзрд░ рдЬрд╛ рд╕рд╛рд▓реЗ рдмрд┐рд▓реНрд▓рд╛ рдмрд┐рд▓реНрд▓реА рдХрд╣рдирд╛ рдЫреЛрдбрд╝ рджрд┐рдП рдереЗ рд╕рд╛рд▓рд╛ рддреБрдо рд▓реЛрдЧреЛрдВ рдХреА рд╡рдЬрд╣ рд╕реЗ рд╣реА рддреЛ рдЬреИрд╕реЗ рд╕рдорд╛рдЬ рдкреАрдЫреЗ рдЖ рдЬрд╛рдП,0.5647603888064623
defamation,"рдореБрдВрдмрдИ .. рдпрд╣ рд╢рд╣рд░ рддрдХрд╝рджреАрд░реЗрдВ рдмрджрд▓рддрд╛ рд╣реИред 

рд╕рд▓рд╛рдо рдХрд░реЛрдЧреЗ рддреЛ рд╕рд▓рд╛рдореА рдорд┐рд▓реЗрдЧреАред ",0.3702238667756319
fake,"рдореЛрд╣рди рднрд╛рдЧрд╡рдд рдХрд╛ рд╡рд┐рд╡рд╛рджрд┐рдд рдмрдпрд╛рди, рдХрд╣рд╛- рд╕реЗрдирд╛ рд╕реЗ рдкрд╣рд▓реЗ 3 рджрд┐рди рдореЗрдВ рдЖрд░рдПрд╕рдПрд╕ рдХреЗ рд▓реЛрдЧ рддреИрдпрд╛рд░ рд╣реЛ рдЬрд╛рдПрдВрдЧреЗред рдЕрдм рдЗрд╕реЗ рднреЗрдЬреЛ рдкрд╣рд▓реЗ рдмреЙрд░реНрдбрд░ рдкрд░ рдУрд░ рдмреЛрд▓реЛ рдЬрд╛рдУ рдкрд╛рдХрд┐рд╕реНрддрд╛рди рдХреЛ рддрдмрд╛рд╣ рдХрд░рдХреЗ рд╣реА рд▓реМрдЯрдирд╛ рд╡рд░реНрдирд╛ рд╡рд╣реАрдВ рд░рд╣ рдЬрд╛рдирд╛ред

",0.5928398575633764
"fake,hate","рдкрд╛рд▓рдШрд░ рдХреА рддрд░реНрдЬ рдкрд░ рдкрдВрдЬрд╛рдм рдХреЗ рд╣реЛрд╢рд┐рдпрд╛рд░ рдкреБрд░ рдореЗрдВ рд╕рдВрдд рдкреБрд╖реНрдкреЗрдВрджреНрд░ рд╕реНрд╡рд░реВрдк рдЬреА рдорд╣рд╛рд░рд╛рдЬ рдкрд░ рд╢рд╛рдВрддрд┐рджреВрддреЛрдВ рдиреЗ рд╣рдорд▓рд╛ рдХрд┐рдпрд╛ рд╣реИ, рдЬрдм рд╡реЛ рдШрд░ рдкрд░ рдмреЗрдЯреЗ рдХреЗ рд╕рд╛рде рдереЗ!!

рдЖрдЦрд┐рд░ рдпреЗ рд╕рд╛рдзреБ рд╕рдВрдд рдХреА рд╣рддреНрдпрд╛ рдХрд╛рдВрдЧреНрд░реЗрд╕ рд╢рд╛рд╕рд┐рдд рд░рд╛рдЬреНрдпреЛ рдореЗрдВ рд╣реА рдХреНрдпреЛрдВ рд╣реЛ рд░рд╣реА рд╣реИ.??ЁЯШбЁЯШб",0.7318360731005669
non-hostile,"рдЗрд╕ рд░рд╛рдЬреНрдп рдореЗрдВ рдЖрдЬ рд╕реЗ рд╢реБрд░реВ 13 рд╕реНрдкреЗрд╢рд▓ рдЯреНрд░реЗрдиреЗрдВ
https://t.co/0A8VS0cJdY",0.42326683178544044
fake,"рдмреБрд░реНрдХрд╛ рдкрд╣рдирдХрд░ рдкрд╛рдХрд┐рд╕реНрддрд╛рди рдХрд╛ рдЭрдВрдбрд╛ рд▓рд╣рд░рд╛ рд░рд╣рд╛ рдерд╛ рдпрд╣ рдЖрд░ рдПрд╕ рдПрд╕ рдХрд╛ ####я┐╝ рдореБрд╕рд▓рдорд╛рди рд╕рддрд░реНрдХ рд░рд╣реЗрдВ рдпрд╣ рд▓реЛрдЧ рдирдИ рдирдИ рдЪрд╛рд▓ рдЪрд▓ рд░рд╣реЗ рд╣реИрдВ рдореБрд╕рд▓рдорд╛рдиреЛрдВ рдХреЛ рдмрджрдирд╛рдо рдХрд░рдирд╛ рд╣реИ, рдХреИрдкреНрд╢рди рдХреЗ рд╕рд╛рде рдкреЛрд╕реНрдЯ рдХрд┐рдпрд╛ рдЧрдпрд╛ рд╣реИред

",0.6354727782309055
non-hostile,"#IndiaFightsCorona:

ЁЯУН#рдХреЛрд╡рд┐рдб19 рд╕реЗ рдмрдЪрд╛рд╡ рдХреЗ рд▓рд┐рдП 3 рд╕рд░рд▓ рдХрджрдоЁЯСЗ

тЮбя╕Прд╣рд╛рдереЛрдВ рдХреА рд╕реНрд╡рдЪреНрдЫрддрд╛ рд╕реБрдирд┐рд╢реНрдЪрд┐рдд рдХрд░реЗрдВ
тЮбя╕ПрдЪреЗрд╣рд░реЗ рдкрд░ рдХрд╡рд░/ рдорд╛рд╕реНрдХ рдкрд╣рдиреЗрдВ
тЮбя╕Прд╢рд╛рд░реАрд░рд┐рдХ рджреВрд░реА рдмрдирд╛рдП рд░рдЦреЗрдВ

#StaySafe #IndiaWillWin https://t.co/n4F5HeLXqL",0.38059186190366745
non-hostile,"рдпреЗ рд░рд╣рд╛ рдЖрдИрдкреАрдПрд▓-2020 рдХрд╛ рд╢реЗрдбреНрдпреВрд▓. рджреЗрдЦ рд▓реАрдЬрд┐рдП, рдЖрдкрдХреА рдлрд╝реЗрд╡рд░реЗрдЯ рдЯреАрдо рдХрд╛ рдореИрдЪ рдХрд┐рд╕-рдХрд┐рд╕ рджрд┐рди рд╣реИ. https://t.co/OKP1e8dcmY https://t.co/XcWxiFGBgD",0.29919452499598265
hate,"рд╣рдБрд╕реА ЁЯШЖрдЖрддреА рд╣реИ! 

рдЬрдм рдордЬрд╣рдм рдХреЗ рдирд╛рдо рдкрд░ рдЕрдкрдиреА рдмреАрдмреА рдХреЛ рддрд▓рд╛рдХ рдХреЗ рдмрд╛рдж рдореМрд▓рд╡реА рдХреЗ рд╕рд╛рде рд╕реБрд▓рд╛рдиреЗ рд╡рд╛рд▓реЗ рднреА рдмреЛрд▓рддреЗ рд╣реИ рд╣рд┐рдВрджреВ рдзрд░реНрдо рдореЗ рдЕрдВрдзрд╡рд┐рд╢реНрд╡рд╛рд╕ рд╣реИ.ЁЯШВЁЯШВЁЯШВ",0.4815894179046154
non-hostile,"рдХрд▓ рд╕реЗ рдЧрдпрд╛-рдкрдВрдбрд┐рдд рджреАрдирджрдпрд╛рд▓ рдЙрдкрд╛рдзреНрдпрд╛рдп рд░реЗрд▓рдЦрдВрдб рдкрд░ рд╢реБрд░реВ рд╣реЛрдЧрд╛ рдкрд░рд┐рдЪрд╛рд▓рди, рднрднреБрдЖ рд╕реЗ рдкрдЯрдирд╛ рддрдХ рдЪрд▓реЗрдЧреА рдЯреНрд░реЗрди

рдкреНрд░рд┐рдпрджрд░реНрд╢реА рдХреА рд░рд┐рдкреЛрд░реНрдЯ
https://t.co/Oj5QA9a8zh",0.5982983857393265
non-hostile,"рдХреЛрд░реЛрдирд╛ рдХреЗ рд░рд┐рдХреЙрд░реНрдб рдорд╛рдорд▓реЛрдВ рдХреЗ рдмреАрдЪ рд░рд╛рд╣рдд, рдПрдХ рдорд╣реАрдиреЗ рдореЗрдВ рдХрдо рд╣реБрдИ 0.45 рдлреАрд╕рджреА рдореГрддреНтАНрдпреБ рджрд░ -
#CoronaOutbreak 

https://t.co/Dt8gJpzTdv",0.4155653528869152
non-hostile,рдЕрдЧрд░ рдкреНрд░рдХрд╛рд╢ рдЖрдВрдмреЗрдбрдХрд░ рдХрд╛ рдХрджрдо рд╣рд┐рдиреНрджреБрддреНрд╡ рдХреА рдУрд░ рдЬрд╛рддрд╛ рд╣реИ рддреЛ рд╣рдо рдЗрд╕рдХрд╛ рд╕реНрд╡рд╛рдЧрдд рдХрд░рддреЗ рд╣реИрдВ: рд╢рд┐рд╡рд╕реЗрдирд╛ https://t.co/hzZ00h3hlI,0.5129147786647081
